-- MySQL dump 10.13  Distrib 8.0.33, for Win64 (x86_64)
--
-- Host: 127.0.0.1    Database: support_system
-- ------------------------------------------------------
-- Server version	8.0.33

/*!40101 SET @OLD_CHARACTER_SET_CLIENT=@@CHARACTER_SET_CLIENT */;
/*!40101 SET @OLD_CHARACTER_SET_RESULTS=@@CHARACTER_SET_RESULTS */;
/*!40101 SET @OLD_COLLATION_CONNECTION=@@COLLATION_CONNECTION */;
/*!50503 SET NAMES utf8 */;
/*!40103 SET @OLD_TIME_ZONE=@@TIME_ZONE */;
/*!40103 SET TIME_ZONE='+00:00' */;
/*!40014 SET @OLD_UNIQUE_CHECKS=@@UNIQUE_CHECKS, UNIQUE_CHECKS=0 */;
/*!40014 SET @OLD_FOREIGN_KEY_CHECKS=@@FOREIGN_KEY_CHECKS, FOREIGN_KEY_CHECKS=0 */;
/*!40101 SET @OLD_SQL_MODE=@@SQL_MODE, SQL_MODE='NO_AUTO_VALUE_ON_ZERO' */;
/*!40111 SET @OLD_SQL_NOTES=@@SQL_NOTES, SQL_NOTES=0 */;

--
-- Table structure for table `article`
--

DROP TABLE IF EXISTS `article`;
/*!40101 SET @saved_cs_client     = @@character_set_client */;
/*!50503 SET character_set_client = utf8mb4 */;
CREATE TABLE `article` (
  `id` int NOT NULL AUTO_INCREMENT,
  `title` varchar(45) DEFAULT NULL,
  `content` longtext,
  `thumbnail` varchar(255) DEFAULT NULL,
  `date` datetime DEFAULT NULL,
  `user_id` int DEFAULT NULL,
  `category_id` int DEFAULT NULL,
  `faculty_id` int DEFAULT NULL,
  PRIMARY KEY (`id`),
  KEY `fk_article_user1_idx` (`user_id`),
  KEY `fk_article_category1_idx` (`category_id`),
  KEY `fk_article_faculty1_idx` (`faculty_id`),
  CONSTRAINT `fk_article_category1` FOREIGN KEY (`category_id`) REFERENCES `category` (`id`),
  CONSTRAINT `fk_article_faculty1` FOREIGN KEY (`faculty_id`) REFERENCES `faculty` (`id`),
  CONSTRAINT `fk_article_user1` FOREIGN KEY (`user_id`) REFERENCES `user` (`id`)
) ENGINE=InnoDB AUTO_INCREMENT=103 DEFAULT CHARSET=utf8mb4 COLLATE=utf8mb4_0900_ai_ci;
/*!40101 SET character_set_client = @saved_cs_client */;

--
-- Dumping data for table `article`
--

LOCK TABLES `article` WRITE;
/*!40000 ALTER TABLE `article` DISABLE KEYS */;
INSERT INTO `article` VALUES (71,'Thông báo về việc tuyển sinh các ngành','<p class=\"ql-align-center\"><strong style=\"color: rgb(192, 57, 43);\">THÔNG BÁO</strong></p><p class=\"ql-align-center\"><strong style=\"color: rgb(192, 57, 43);\">Về việc không tổ chức mở lớp tuyển sinh đại học chính quy năm 2022</strong></p><p class=\"ql-align-center\"><strong style=\"color: rgb(192, 57, 43);\">Đại học bằng thứ 2 - Liên thông Cao đẳng lên Đại học</strong></p><p class=\"ql-align-center\"><br></p><p>&nbsp;</p><p class=\"ql-align-justify\"><span style=\"color: rgb(0, 0, 0);\">Căn cứ Thông tư số 08/2022/TT-BGDĐT ngày 06/6/2022 của Bộ trưởng Bộ GDĐT về việc ban hành Quy chế tuyển sinh đại học, tuyển sinh cao đẳng ngành Giáo dục Mầm non;</span></p><p class=\"ql-align-justify\"><span style=\"color: rgb(0, 0, 0);\">Căn cứ Quyết định số 1793/QĐ-ĐHM ngày 12/7/2022 của Trường Đại học Mở Thành phố Hồ Chí Minh về việc ban hành Đề án tuyển sinh đại học năm 2022;</span></p><p class=\"ql-align-justify\"><span style=\"color: rgb(0, 0, 0);\">Căn cứ Thông báo số 1232/TB-ĐHM ngày 13/7/2022 của Trường Đại học Mở Thành phố Hồ Chí Minh về việc tuyển sinh đào tạo trình độ đại học với đối tượng tốt nghiệp đại học (đại học bằng thứ 2), hình thức đào tạo chính quy năm 2022;</span></p><p class=\"ql-align-justify\"><span style=\"color: rgb(0, 0, 0);\">Căn cứ Thông báo số 1233/TB-ĐHM ngày 13/7/2022 của Trường Đại học Mở Thành phố Hồ Chí Minh về việc tuyển sinh trình độ đại học với đối tượng tốt nghiệp cao đẳng (liên thông cao đẳng – đại học), hình thức đào tạo chính quy năm 2022;</span></p><p class=\"ql-align-justify\"><span style=\"color: rgb(0, 0, 0);\">Căn cứ Kết luận của Hội đồng tuyển sinh đại học chính quy năm 2022 tại phiên họp ngày 11/10/2022.</span></p><p class=\"ql-align-justify\"><span style=\"color: rgb(0, 0, 0);\">Căn cứ theo số lượng hồ sơ đăng ký xét tuyển đại học Bằng thứ 2 và Liên thông Cao đẳng – Đại học chính quy năm 2022. Trường Đại học Mở Thành phố Hồ Chí Minh thông báo không&nbsp;mở lớp tất cả các ngành tuyển sinh đại học bằng thứ 2 và liên thông cao đẳng – đại học (do số lượng hồ sơ đăng ký không đủ số lượng để mở lớp đào tạo). Học viên sẽ được hoàn trả&nbsp;hồ sơ và lệ phí xét tuyển tại phòng Quản lý đào tạo (005) - 97 Võ Văn Tần, Quận 3, TP.HCM từ ngày 17/10/2022.</span></p><p class=\"ql-align-justify\"><span style=\"color: rgb(0, 0, 0);\">Học viên có thể đăng ký học chương trình Vừa làm vừa học hoặc chương trình đào tạo từ xa của Trường tại Trung tâm đào tạo từ xa.</span></p><p class=\"ql-align-justify\"><span style=\"color: rgb(0, 0, 0);\">Trân trọng./.</span></p>','https://res.cloudinary.com/de3yhowd4/image/upload/v1693806327/dvthk7wiwujmwdbc2bau.png','2023-09-04 12:39:55',26,13,113),(72,'Thông báo tuyển sinh trình độ đào tạo đại học','<p class=\"ql-align-center\"><strong style=\"color: rgb(178, 34, 34);\">HƯỚNG DẪN THỦ TỤC NHẬP HỌC</strong></p><p class=\"ql-align-center\"><strong style=\"color: rgb(178, 34, 34);\">Đối với thí sinh trúng tuyển Đại học bằng thứ 2 và Liên thông từ CĐ lên ĐH năm 2016 đợt thi ngày 01 và 02 tháng 10 năm 2016</strong></p><p><strong style=\"color: rgb(178, 34, 34);\"><u>Lưu ý:&nbsp;</u></strong><strong style=\"color: rgb(0, 0, 128);\"><em>Trường hợp chưa nhận được Giấy báo trúng tuyển vẫn lên làm thủ tục nhập học.</em></strong></p><p><span style=\"color: rgb(0, 0, 128);\">-&nbsp;Địa điểm:&nbsp;</span><strong style=\"color: rgb(178, 34, 34);\">&nbsp;Phòng 006</strong><span style=\"color: rgb(0, 0, 128);\">&nbsp;tầng trệt, số 97 Võ Văn Tần, P.6, Q.3, Tp. HCM.</span></p><p><span style=\"color: rgb(0, 0, 128);\">- Thời gian:&nbsp;&nbsp;&nbsp;&nbsp;c</span><strong style=\"color: rgb(0, 0, 128);\">ác ngày 12, 13 và 14 tháng 10 năm 2016, từ 16g00 đến 19g00</strong><span style=\"color: rgb(0, 0, 128);\">.</span></p><p><span style=\"color: rgb(0, 0, 128);\">- Hồ sơ nhập học: Khi đến trường làm thủ tục nhập học, Anh (Chị) mang theo đầy đủ các loại&nbsp;giấy tờ sau:</span></p><p><span style=\"color: rgb(0, 0, 128);\">1. Giấy báo trúng tuyển (bản sao).</span></p><p><span style=\"color: rgb(0, 0, 128);\">2.&nbsp;Bản chính bằng tốt nghiệp Cao đẳng đối với thí sinh trúng tuyển Liên thông từ Cao đẳng lên Đại học; hoặc bằng tốt nghiệp Đại học đối với thí sinh trúng tuyển Đại học Bằng thứ 2 để đối chiếu.</span></p><p><span style=\"color: rgb(0, 0, 128);\">Và bổ sung các giấy tờ sau nếu còn thiếu khi làm thủ tục đăng ký dự thi:</span></p><p><span style=\"color: rgb(0, 0, 128);\">1. 02 bản sao bằng tốt nghiệp Cao đẳng hoặc Đại học.</span></p><p><span style=\"color: rgb(0, 0, 128);\">2. Bản chính và 01 bản sao bảng điểm Cao đẳng hoặc Đại học.</span></p><p><em style=\"color: rgb(0, 0, 128);\">(nhà trường sẽ trả lại bản chính sau khi đối chiếu)</em></p><p><span style=\"color: rgb(0, 0, 128);\">3. Bản sao giấy khai sinh.</span></p><p><span style=\"color: rgb(0, 0, 128);\">4. Giấy khám sức khỏe do phòng khám quận, huyện cấp.</span></p><p><strong style=\"color: rgb(0, 0, 128);\">Thời gian khai giảng: ngày 17/10/2016.</strong></p><p class=\"ql-align-justify\"><strong style=\"color: rgb(0, 0, 128);\"><em>Đối với thí sinh đến trường nhập học chậm sau 15 ngày kể từ ngày làm thủ tục nhập học (26/10/2016) nếu không có lý do chính đáng thì coi như bỏ học. Chỉ hoàn học phí trong vòng 01 tháng kể từ ngày làm thủ tục nhập học.</em></strong></p>','https://res.cloudinary.com/de3yhowd4/image/upload/v1693806332/jmkin2joeajnq82oapro.jpg','2023-09-04 12:41:22',26,13,113),(73,'Thông báo tuyển sinh trình độ đào tạo đại học','<p class=\"ql-align-center\"><strong style=\"color: rgb(192, 57, 43);\">THÔNG BÁO</strong></p><p class=\"ql-align-center\"><strong style=\"color: rgb(192, 57, 43);\">Về việc không tổ chức mở lớp tuyển sinh đại học chính quy năm 2022</strong></p><p class=\"ql-align-center\"><strong style=\"color: rgb(192, 57, 43);\">Đại học bằng thứ 2 - Liên thông Cao đẳng lên Đại học</strong></p><p class=\"ql-align-center\"><br></p><p>&nbsp;</p><p class=\"ql-align-justify\">	<span style=\"color: rgb(0, 0, 0);\">Căn cứ Thông tư số 08/2022/TT-BGDĐT ngày 06/6/2022 của Bộ trưởng Bộ GDĐT về việc ban hành Quy chế tuyển sinh đại học, tuyển sinh cao đẳng ngành Giáo dục Mầm non;</span></p><p class=\"ql-align-justify\">	<span style=\"color: rgb(0, 0, 0);\">Căn cứ Quyết định số 1793/QĐ-ĐHM ngày 12/7/2022 của Trường Đại học Mở Thành phố Hồ Chí Minh về việc ban hành Đề án tuyển sinh đại học năm 2022;</span></p><p class=\"ql-align-justify\">	<span style=\"color: rgb(0, 0, 0);\">Căn cứ Thông báo số 1232/TB-ĐHM ngày 13/7/2022 của Trường Đại học Mở Thành phố Hồ Chí Minh về việc tuyển sinh đào tạo trình độ đại học với đối tượng tốt nghiệp đại học (đại học bằng thứ 2), hình thức đào tạo chính quy năm 2022;</span></p><p class=\"ql-align-justify\">	<span style=\"color: rgb(0, 0, 0);\">Căn cứ Thông báo số 1233/TB-ĐHM ngày 13/7/2022 của Trường Đại học Mở Thành phố Hồ Chí Minh về việc tuyển sinh trình độ đại học với đối tượng tốt nghiệp cao đẳng (liên thông cao đẳng – đại học), hình thức đào tạo chính quy năm 2022;</span></p><p class=\"ql-align-justify\">	<span style=\"color: rgb(0, 0, 0);\">Căn cứ Kết luận của Hội đồng tuyển sinh đại học chính quy năm 2022 tại phiên họp ngày 11/10/2022.</span></p><p class=\"ql-align-justify\">	<span style=\"color: rgb(0, 0, 0);\">Căn cứ theo số lượng hồ sơ đăng ký xét tuyển đại học Bằng thứ 2 và Liên thông Cao đẳng – Đại học chính quy năm 2022. Trường Đại học Mở Thành phố Hồ Chí Minh thông báo không&nbsp;mở lớp tất cả các ngành tuyển sinh đại học bằng thứ 2 và liên thông cao đẳng – đại học (do số lượng hồ sơ đăng ký không đủ số lượng để mở lớp đào tạo). Học viên sẽ được hoàn trả&nbsp;hồ sơ và lệ phí xét tuyển tại phòng Quản lý đào tạo (005) - 97 Võ Văn Tần, Quận 3, TP.HCM từ ngày 17/10/2022.</span></p><p class=\"ql-align-justify\">	<span style=\"color: rgb(0, 0, 0);\">Học viên có thể đăng ký học chương trình Vừa làm vừa học hoặc chương trình đào tạo từ xa của Trường tại Trung tâm đào tạo từ xa.</span></p><p class=\"ql-align-justify\">	<span style=\"color: rgb(0, 0, 0);\">Trân trọng./.</span></p><p><br></p>','https://res.cloudinary.com/de3yhowd4/image/upload/v1693806545/y5n1sqm5twdn6h3kka1q.jpg','2023-09-04 12:49:04',26,13,113),(74,'Thông báo tuyển sinh trình độ đào tạo đại học','<p class=\"ql-align-center\"><strong style=\"color: rgb(192, 57, 43);\">THÔNG BÁO</strong></p><p class=\"ql-align-center\"><strong style=\"color: rgb(192, 57, 43);\">Về việc không tổ chức mở lớp tuyển sinh đại học chính quy năm 2022</strong></p><p class=\"ql-align-center\"><strong style=\"color: rgb(192, 57, 43);\">Đại học bằng thứ 2 - Liên thông Cao đẳng lên Đại học</strong></p><p class=\"ql-align-center\"><br></p><p>&nbsp;</p><p class=\"ql-align-justify\"><span style=\"color: rgb(0, 0, 0);\">Căn cứ Thông tư số 08/2022/TT-BGDĐT ngày 06/6/2022 của Bộ trưởng Bộ GDĐT về việc ban hành Quy chế tuyển sinh đại học, tuyển sinh cao đẳng ngành Giáo dục Mầm non;</span></p><p class=\"ql-align-justify\"><span style=\"color: rgb(0, 0, 0);\">Căn cứ Quyết định số 1793/QĐ-ĐHM ngày 12/7/2022 của Trường Đại học Mở Thành phố Hồ Chí Minh về việc ban hành Đề án tuyển sinh đại học năm 2022;</span></p><p class=\"ql-align-justify\"><span style=\"color: rgb(0, 0, 0);\">Căn cứ Thông báo số 1232/TB-ĐHM ngày 13/7/2022 của Trường Đại học Mở Thành phố Hồ Chí Minh về việc tuyển sinh đào tạo trình độ đại học với đối tượng tốt nghiệp đại học (đại học bằng thứ 2), hình thức đào tạo chính quy năm 2022;</span></p><p class=\"ql-align-justify\"><span style=\"color: rgb(0, 0, 0);\">Căn cứ Thông báo số 1233/TB-ĐHM ngày 13/7/2022 của Trường Đại học Mở Thành phố Hồ Chí Minh về việc tuyển sinh trình độ đại học với đối tượng tốt nghiệp cao đẳng (liên thông cao đẳng – đại học), hình thức đào tạo chính quy năm 2022;</span></p><p class=\"ql-align-justify\"><span style=\"color: rgb(0, 0, 0);\">Căn cứ Kết luận của Hội đồng tuyển sinh đại học chính quy năm 2022 tại phiên họp ngày 11/10/2022.</span></p><p class=\"ql-align-justify\"><span style=\"color: rgb(0, 0, 0);\">Căn cứ theo số lượng hồ sơ đăng ký xét tuyển đại học Bằng thứ 2 và Liên thông Cao đẳng – Đại học chính quy năm 2022. Trường Đại học Mở Thành phố Hồ Chí Minh thông báo không&nbsp;mở lớp tất cả các ngành tuyển sinh đại học bằng thứ 2 và liên thông cao đẳng – đại học (do số lượng hồ sơ đăng ký không đủ số lượng để mở lớp đào tạo). Học viên sẽ được hoàn trả&nbsp;hồ sơ và lệ phí xét tuyển tại phòng Quản lý đào tạo (005) - 97 Võ Văn Tần, Quận 3, TP.HCM từ ngày 17/10/2022.</span></p><p class=\"ql-align-justify\"><span style=\"color: rgb(0, 0, 0);\">Học viên có thể đăng ký học chương trình Vừa làm vừa học hoặc chương trình đào tạo từ xa của Trường tại Trung tâm đào tạo từ xa.</span></p><p class=\"ql-align-justify\"><span style=\"color: rgb(0, 0, 0);\">Trân trọng./.</span></p>','https://res.cloudinary.com/de3yhowd4/image/upload/v1693806564/daajzyqx7c1jxs99nbck.jpg','2023-09-04 12:49:24',26,13,113),(75,'Thông báo tuyển sinh trình độ đào tạo đại học','<p class=\"ql-align-center\"><strong style=\"color: rgb(192, 57, 43);\">THÔNG BÁO</strong></p><p class=\"ql-align-center\"><strong style=\"color: rgb(192, 57, 43);\">Về việc không tổ chức mở lớp tuyển sinh đại học chính quy năm 2022</strong></p><p class=\"ql-align-center\"><strong style=\"color: rgb(192, 57, 43);\">Đại học bằng thứ 2 - Liên thông Cao đẳng lên Đại học</strong></p><p class=\"ql-align-center\"><br></p><p>&nbsp;</p><p class=\"ql-align-justify\"><span style=\"color: rgb(0, 0, 0);\">Căn cứ Thông tư số 08/2022/TT-BGDĐT ngày 06/6/2022 của Bộ trưởng Bộ GDĐT về việc ban hành Quy chế tuyển sinh đại học, tuyển sinh cao đẳng ngành Giáo dục Mầm non;</span></p><p class=\"ql-align-justify\"><span style=\"color: rgb(0, 0, 0);\">Căn cứ Quyết định số 1793/QĐ-ĐHM ngày 12/7/2022 của Trường Đại học Mở Thành phố Hồ Chí Minh về việc ban hành Đề án tuyển sinh đại học năm 2022;</span></p><p class=\"ql-align-justify\"><span style=\"color: rgb(0, 0, 0);\">Căn cứ Thông báo số 1232/TB-ĐHM ngày 13/7/2022 của Trường Đại học Mở Thành phố Hồ Chí Minh về việc tuyển sinh đào tạo trình độ đại học với đối tượng tốt nghiệp đại học (đại học bằng thứ 2), hình thức đào tạo chính quy năm 2022;</span></p><p class=\"ql-align-justify\"><span style=\"color: rgb(0, 0, 0);\">Căn cứ Thông báo số 1233/TB-ĐHM ngày 13/7/2022 của Trường Đại học Mở Thành phố Hồ Chí Minh về việc tuyển sinh trình độ đại học với đối tượng tốt nghiệp cao đẳng (liên thông cao đẳng – đại học), hình thức đào tạo chính quy năm 2022;</span></p><p class=\"ql-align-justify\"><span style=\"color: rgb(0, 0, 0);\">Căn cứ Kết luận của Hội đồng tuyển sinh đại học chính quy năm 2022 tại phiên họp ngày 11/10/2022.</span></p><p class=\"ql-align-justify\"><span style=\"color: rgb(0, 0, 0);\">Căn cứ theo số lượng hồ sơ đăng ký xét tuyển đại học Bằng thứ 2 và Liên thông Cao đẳng – Đại học chính quy năm 2022. Trường Đại học Mở Thành phố Hồ Chí Minh thông báo không&nbsp;mở lớp tất cả các ngành tuyển sinh đại học bằng thứ 2 và liên thông cao đẳng – đại học (do số lượng hồ sơ đăng ký không đủ số lượng để mở lớp đào tạo). Học viên sẽ được hoàn trả&nbsp;hồ sơ và lệ phí xét tuyển tại phòng Quản lý đào tạo (005) - 97 Võ Văn Tần, Quận 3, TP.HCM từ ngày 17/10/2022.</span></p><p class=\"ql-align-justify\"><span style=\"color: rgb(0, 0, 0);\">Học viên có thể đăng ký học chương trình Vừa làm vừa học hoặc chương trình đào tạo từ xa của Trường tại Trung tâm đào tạo từ xa.</span></p><p class=\"ql-align-justify\"><span style=\"color: rgb(0, 0, 0);\">Trân trọng./.</span></p>','https://res.cloudinary.com/de3yhowd4/image/upload/v1693806581/fd2gtj11woaiqt21dxaf.jpg','2023-09-04 12:49:40',26,13,113),(76,'Hướng dẫn nhập học đối với thí sinh','<p class=\"ql-align-center\"><strong style=\"color: rgb(178, 34, 34);\">HƯỚNG DẪN THỦ TỤC NHẬP HỌC</strong></p><p class=\"ql-align-center\"><strong style=\"color: rgb(178, 34, 34);\">Đối với thí sinh trúng tuyển Đại học bằng thứ 2 và Liên thông từ CĐ lên ĐH năm 2016 đợt thi ngày 01 và 02 tháng 10 năm 2016</strong></p><p><strong style=\"color: rgb(178, 34, 34);\"><u>Lưu ý:&nbsp;</u></strong><strong style=\"color: rgb(0, 0, 128);\"><em>Trường hợp chưa nhận được Giấy báo trúng tuyển vẫn lên làm thủ tục nhập học.</em></strong></p><p><span style=\"color: rgb(0, 0, 128);\">-&nbsp;Địa điểm:&nbsp;</span><strong style=\"color: rgb(178, 34, 34);\">&nbsp;Phòng 006</strong><span style=\"color: rgb(0, 0, 128);\">&nbsp;tầng trệt, số 97 Võ Văn Tần, P.6, Q.3, Tp. HCM.</span></p><p><span style=\"color: rgb(0, 0, 128);\">- Thời gian:&nbsp;&nbsp;&nbsp;&nbsp;c</span><strong style=\"color: rgb(0, 0, 128);\">ác ngày 12, 13 và 14 tháng 10 năm 2016, từ 16g00 đến 19g00</strong><span style=\"color: rgb(0, 0, 128);\">.</span></p><p><span style=\"color: rgb(0, 0, 128);\">- Hồ sơ nhập học: Khi đến trường làm thủ tục nhập học, Anh (Chị) mang theo đầy đủ các loại&nbsp;giấy tờ sau:</span></p><p><span style=\"color: rgb(0, 0, 128);\">1. Giấy báo trúng tuyển (bản sao).</span></p><p><span style=\"color: rgb(0, 0, 128);\">2.&nbsp;Bản chính bằng tốt nghiệp Cao đẳng đối với thí sinh trúng tuyển Liên thông từ Cao đẳng lên Đại học; hoặc bằng tốt nghiệp Đại học đối với thí sinh trúng tuyển Đại học Bằng thứ 2 để đối chiếu.</span></p><p><span style=\"color: rgb(0, 0, 128);\">Và bổ sung các giấy tờ sau nếu còn thiếu khi làm thủ tục đăng ký dự thi:</span></p><p><span style=\"color: rgb(0, 0, 128);\">1. 02 bản sao bằng tốt nghiệp Cao đẳng hoặc Đại học.</span></p><p><span style=\"color: rgb(0, 0, 128);\">2. Bản chính và 01 bản sao bảng điểm Cao đẳng hoặc Đại học.</span></p><p><em style=\"color: rgb(0, 0, 128);\">(nhà trường sẽ trả lại bản chính sau khi đối chiếu)</em></p><p><span style=\"color: rgb(0, 0, 128);\">3. Bản sao giấy khai sinh.</span></p><p><span style=\"color: rgb(0, 0, 128);\">4. Giấy khám sức khỏe do phòng khám quận, huyện cấp.</span></p><p><strong style=\"color: rgb(0, 0, 128);\">Thời gian khai giảng: ngày 17/10/2016.</strong></p><p class=\"ql-align-justify\"><strong style=\"color: rgb(0, 0, 128);\"><em>Đối với thí sinh đến trường nhập học chậm sau 15 ngày kể từ ngày làm thủ tục nhập học (26/10/2016) nếu không có lý do chính đáng thì coi như bỏ học. Chỉ hoàn học phí trong vòng 01 tháng kể từ ngày làm thủ tục nhập học.</em></strong></p>','https://res.cloudinary.com/de3yhowd4/image/upload/v1693806646/tq48czruem8pwbvs8o2w.jpg','2023-09-04 12:50:46',26,13,113),(81,'Thông báo về việc không tổ chức mở lớp','<p class=\"ql-align-center\"><strong style=\"color: rgb(178, 34, 34);\">HƯỚNG DẪN THỦ TỤC NHẬP HỌC</strong></p><p class=\"ql-align-center\"><strong style=\"color: rgb(178, 34, 34);\">Đối với thí sinh trúng tuyển Đại học bằng thứ 2 và Liên thông từ CĐ lên ĐH năm 2016 đợt thi ngày 01 và 02 tháng 10 năm 2016</strong></p><p><strong style=\"color: rgb(178, 34, 34);\"><u>Lưu ý:&nbsp;</u></strong><strong style=\"color: rgb(0, 0, 128);\"><em>Trường hợp chưa nhận được Giấy báo trúng tuyển vẫn lên làm thủ tục nhập học.</em></strong></p><p><span style=\"color: rgb(0, 0, 128);\">-&nbsp;Địa điểm:&nbsp;</span><strong style=\"color: rgb(178, 34, 34);\">&nbsp;Phòng 006</strong><span style=\"color: rgb(0, 0, 128);\">&nbsp;tầng trệt, số 97 Võ Văn Tần, P.6, Q.3, Tp. HCM.</span></p><p><span style=\"color: rgb(0, 0, 128);\">- Thời gian:&nbsp;&nbsp;&nbsp;&nbsp;c</span><strong style=\"color: rgb(0, 0, 128);\">ác ngày 12, 13 và 14 tháng 10 năm 2016, từ 16g00 đến 19g00</strong><span style=\"color: rgb(0, 0, 128);\">.</span></p><p><span style=\"color: rgb(0, 0, 128);\">- Hồ sơ nhập học: Khi đến trường làm thủ tục nhập học, Anh (Chị) mang theo đầy đủ các loại&nbsp;giấy tờ sau:</span></p><p><span style=\"color: rgb(0, 0, 128);\">1. Giấy báo trúng tuyển (bản sao).</span></p><p><span style=\"color: rgb(0, 0, 128);\">2.&nbsp;Bản chính bằng tốt nghiệp Cao đẳng đối với thí sinh trúng tuyển Liên thông từ Cao đẳng lên Đại học; hoặc bằng tốt nghiệp Đại học đối với thí sinh trúng tuyển Đại học Bằng thứ 2 để đối chiếu.</span></p><p><span style=\"color: rgb(0, 0, 128);\">Và bổ sung các giấy tờ sau nếu còn thiếu khi làm thủ tục đăng ký dự thi:</span></p><p><span style=\"color: rgb(0, 0, 128);\">1. 02 bản sao bằng tốt nghiệp Cao đẳng hoặc Đại học.</span></p><p><span style=\"color: rgb(0, 0, 128);\">2. Bản chính và 01 bản sao bảng điểm Cao đẳng hoặc Đại học.</span></p><p><em style=\"color: rgb(0, 0, 128);\">(nhà trường sẽ trả lại bản chính sau khi đối chiếu)</em></p><p><span style=\"color: rgb(0, 0, 128);\">3. Bản sao giấy khai sinh.</span></p><p><span style=\"color: rgb(0, 0, 128);\">4. Giấy khám sức khỏe do phòng khám quận, huyện cấp.</span></p><p><strong style=\"color: rgb(0, 0, 128);\">Thời gian khai giảng: ngày 17/10/2016.</strong></p><p><strong style=\"color: rgb(0, 0, 128);\"><em>Đối với thí sinh đến trường nhập học chậm sau 15 ngày kể từ ngày làm thủ tục nhập học (26/10/2016) nếu không có lý do chính đáng thì coi như bỏ học. Chỉ hoàn học phí trong vòng 01 tháng kể từ ngày làm thủ tục nhập học.</em></strong></p>','https://res.cloudinary.com/de3yhowd4/image/upload/v1693806860/ehjot2kcdeic5dxdspa2.png','2023-09-04 12:54:19',26,18,3),(82,'Thông báo về việc không tổ chức mở lớp','<p class=\"ql-align-center\"><strong style=\"color: rgb(178, 34, 34);\">HƯỚNG DẪN THỦ TỤC NHẬP HỌC</strong></p><p class=\"ql-align-center\"><strong style=\"color: rgb(178, 34, 34);\">Đối với thí sinh trúng tuyển Đại học bằng thứ 2 và Liên thông từ CĐ lên ĐH năm 2016 đợt thi ngày 01 và 02 tháng 10 năm 2016</strong></p><p><strong style=\"color: rgb(178, 34, 34);\"><u>Lưu ý:&nbsp;</u></strong><strong style=\"color: rgb(0, 0, 128);\"><em>Trường hợp chưa nhận được Giấy báo trúng tuyển vẫn lên làm thủ tục nhập học.</em></strong></p><p><span style=\"color: rgb(0, 0, 128);\">-&nbsp;Địa điểm:&nbsp;</span><strong style=\"color: rgb(178, 34, 34);\">&nbsp;Phòng 006</strong><span style=\"color: rgb(0, 0, 128);\">&nbsp;tầng trệt, số 97 Võ Văn Tần, P.6, Q.3, Tp. HCM.</span></p><p><span style=\"color: rgb(0, 0, 128);\">- Thời gian:&nbsp;&nbsp;&nbsp;&nbsp;c</span><strong style=\"color: rgb(0, 0, 128);\">ác ngày 12, 13 và 14 tháng 10 năm 2016, từ 16g00 đến 19g00</strong><span style=\"color: rgb(0, 0, 128);\">.</span></p><p><span style=\"color: rgb(0, 0, 128);\">- Hồ sơ nhập học: Khi đến trường làm thủ tục nhập học, Anh (Chị) mang theo đầy đủ các loại&nbsp;giấy tờ sau:</span></p><p><span style=\"color: rgb(0, 0, 128);\">1. Giấy báo trúng tuyển (bản sao).</span></p><p><span style=\"color: rgb(0, 0, 128);\">2.&nbsp;Bản chính bằng tốt nghiệp Cao đẳng đối với thí sinh trúng tuyển Liên thông từ Cao đẳng lên Đại học; hoặc bằng tốt nghiệp Đại học đối với thí sinh trúng tuyển Đại học Bằng thứ 2 để đối chiếu.</span></p><p><span style=\"color: rgb(0, 0, 128);\">Và bổ sung các giấy tờ sau nếu còn thiếu khi làm thủ tục đăng ký dự thi:</span></p><p><span style=\"color: rgb(0, 0, 128);\">1. 02 bản sao bằng tốt nghiệp Cao đẳng hoặc Đại học.</span></p><p><span style=\"color: rgb(0, 0, 128);\">2. Bản chính và 01 bản sao bảng điểm Cao đẳng hoặc Đại học.</span></p><p><em style=\"color: rgb(0, 0, 128);\">(nhà trường sẽ trả lại bản chính sau khi đối chiếu)</em></p><p><span style=\"color: rgb(0, 0, 128);\">3. Bản sao giấy khai sinh.</span></p><p><span style=\"color: rgb(0, 0, 128);\">4. Giấy khám sức khỏe do phòng khám quận, huyện cấp.</span></p><p><strong style=\"color: rgb(0, 0, 128);\">Thời gian khai giảng: ngày 17/10/2016.</strong></p><p><strong style=\"color: rgb(0, 0, 128);\"><em>Đối với thí sinh đến trường nhập học chậm sau 15 ngày kể từ ngày làm thủ tục nhập học (26/10/2016) nếu không có lý do chính đáng thì coi như bỏ học. Chỉ hoàn học phí trong vòng 01 tháng kể từ ngày làm thủ tục nhập học.</em></strong></p>','https://res.cloudinary.com/de3yhowd4/image/upload/v1693806869/pi7rn6y7ugyltegvrvct.jpg','2023-09-04 12:54:29',26,18,3),(83,'Thông báo về việc không tổ chức mở lớp','<p class=\"ql-align-center\"><strong style=\"color: rgb(178, 34, 34);\">HƯỚNG DẪN THỦ TỤC NHẬP HỌC</strong></p><p class=\"ql-align-center\"><strong style=\"color: rgb(178, 34, 34);\">Đối với thí sinh trúng tuyển Đại học bằng thứ 2 và Liên thông từ CĐ lên ĐH năm 2016 đợt thi ngày 01 và 02 tháng 10 năm 2016</strong></p><p><strong style=\"color: rgb(178, 34, 34);\"><u>Lưu ý:&nbsp;</u></strong><strong style=\"color: rgb(0, 0, 128);\"><em>Trường hợp chưa nhận được Giấy báo trúng tuyển vẫn lên làm thủ tục nhập học.</em></strong></p><p><span style=\"color: rgb(0, 0, 128);\">-&nbsp;Địa điểm:&nbsp;</span><strong style=\"color: rgb(178, 34, 34);\">&nbsp;Phòng 006</strong><span style=\"color: rgb(0, 0, 128);\">&nbsp;tầng trệt, số 97 Võ Văn Tần, P.6, Q.3, Tp. HCM.</span></p><p><span style=\"color: rgb(0, 0, 128);\">- Thời gian:&nbsp;&nbsp;&nbsp;&nbsp;c</span><strong style=\"color: rgb(0, 0, 128);\">ác ngày 12, 13 và 14 tháng 10 năm 2016, từ 16g00 đến 19g00</strong><span style=\"color: rgb(0, 0, 128);\">.</span></p><p><span style=\"color: rgb(0, 0, 128);\">- Hồ sơ nhập học: Khi đến trường làm thủ tục nhập học, Anh (Chị) mang theo đầy đủ các loại&nbsp;giấy tờ sau:</span></p><p><span style=\"color: rgb(0, 0, 128);\">1. Giấy báo trúng tuyển (bản sao).</span></p><p><span style=\"color: rgb(0, 0, 128);\">2.&nbsp;Bản chính bằng tốt nghiệp Cao đẳng đối với thí sinh trúng tuyển Liên thông từ Cao đẳng lên Đại học; hoặc bằng tốt nghiệp Đại học đối với thí sinh trúng tuyển Đại học Bằng thứ 2 để đối chiếu.</span></p><p><span style=\"color: rgb(0, 0, 128);\">Và bổ sung các giấy tờ sau nếu còn thiếu khi làm thủ tục đăng ký dự thi:</span></p><p><span style=\"color: rgb(0, 0, 128);\">1. 02 bản sao bằng tốt nghiệp Cao đẳng hoặc Đại học.</span></p><p><span style=\"color: rgb(0, 0, 128);\">2. Bản chính và 01 bản sao bảng điểm Cao đẳng hoặc Đại học.</span></p><p><em style=\"color: rgb(0, 0, 128);\">(nhà trường sẽ trả lại bản chính sau khi đối chiếu)</em></p><p><span style=\"color: rgb(0, 0, 128);\">3. Bản sao giấy khai sinh.</span></p><p><span style=\"color: rgb(0, 0, 128);\">4. Giấy khám sức khỏe do phòng khám quận, huyện cấp.</span></p><p><strong style=\"color: rgb(0, 0, 128);\">Thời gian khai giảng: ngày 17/10/2016.</strong></p><p><strong style=\"color: rgb(0, 0, 128);\"><em>Đối với thí sinh đến trường nhập học chậm sau 15 ngày kể từ ngày làm thủ tục nhập học (26/10/2016) nếu không có lý do chính đáng thì coi như bỏ học. Chỉ hoàn học phí trong vòng 01 tháng kể từ ngày làm thủ tục nhập học.</em></strong></p>','https://res.cloudinary.com/de3yhowd4/image/upload/v1693806879/petnl74kfzziotijksn2.jpg','2023-09-04 12:54:39',26,18,3),(84,'Thông báo về việc không tổ chức mở lớp','<p class=\"ql-align-center\"><strong style=\"color: rgb(178, 34, 34);\">HƯỚNG DẪN THỦ TỤC NHẬP HỌC</strong></p><p class=\"ql-align-center\"><strong style=\"color: rgb(178, 34, 34);\">Đối với thí sinh trúng tuyển Đại học bằng thứ 2 và Liên thông từ CĐ lên ĐH năm 2016 đợt thi ngày 01 và 02 tháng 10 năm 2016</strong></p><p><strong style=\"color: rgb(178, 34, 34);\"><u>Lưu ý:&nbsp;</u></strong><strong style=\"color: rgb(0, 0, 128);\"><em>Trường hợp chưa nhận được Giấy báo trúng tuyển vẫn lên làm thủ tục nhập học.</em></strong></p><p><span style=\"color: rgb(0, 0, 128);\">-&nbsp;Địa điểm:&nbsp;</span><strong style=\"color: rgb(178, 34, 34);\">&nbsp;Phòng 006</strong><span style=\"color: rgb(0, 0, 128);\">&nbsp;tầng trệt, số 97 Võ Văn Tần, P.6, Q.3, Tp. HCM.</span></p><p><span style=\"color: rgb(0, 0, 128);\">- Thời gian:&nbsp;&nbsp;&nbsp;&nbsp;c</span><strong style=\"color: rgb(0, 0, 128);\">ác ngày 12, 13 và 14 tháng 10 năm 2016, từ 16g00 đến 19g00</strong><span style=\"color: rgb(0, 0, 128);\">.</span></p><p><span style=\"color: rgb(0, 0, 128);\">- Hồ sơ nhập học: Khi đến trường làm thủ tục nhập học, Anh (Chị) mang theo đầy đủ các loại&nbsp;giấy tờ sau:</span></p><p><span style=\"color: rgb(0, 0, 128);\">1. Giấy báo trúng tuyển (bản sao).</span></p><p><span style=\"color: rgb(0, 0, 128);\">2.&nbsp;Bản chính bằng tốt nghiệp Cao đẳng đối với thí sinh trúng tuyển Liên thông từ Cao đẳng lên Đại học; hoặc bằng tốt nghiệp Đại học đối với thí sinh trúng tuyển Đại học Bằng thứ 2 để đối chiếu.</span></p><p><span style=\"color: rgb(0, 0, 128);\">Và bổ sung các giấy tờ sau nếu còn thiếu khi làm thủ tục đăng ký dự thi:</span></p><p><span style=\"color: rgb(0, 0, 128);\">1. 02 bản sao bằng tốt nghiệp Cao đẳng hoặc Đại học.</span></p><p><span style=\"color: rgb(0, 0, 128);\">2. Bản chính và 01 bản sao bảng điểm Cao đẳng hoặc Đại học.</span></p><p><em style=\"color: rgb(0, 0, 128);\">(nhà trường sẽ trả lại bản chính sau khi đối chiếu)</em></p><p><span style=\"color: rgb(0, 0, 128);\">3. Bản sao giấy khai sinh.</span></p><p><span style=\"color: rgb(0, 0, 128);\">4. Giấy khám sức khỏe do phòng khám quận, huyện cấp.</span></p><p><strong style=\"color: rgb(0, 0, 128);\">Thời gian khai giảng: ngày 17/10/2016.</strong></p><p><strong style=\"color: rgb(0, 0, 128);\"><em>Đối với thí sinh đến trường nhập học chậm sau 15 ngày kể từ ngày làm thủ tục nhập học (26/10/2016) nếu không có lý do chính đáng thì coi như bỏ học. Chỉ hoàn học phí trong vòng 01 tháng kể từ ngày làm thủ tục nhập học.</em></strong></p>','https://res.cloudinary.com/de3yhowd4/image/upload/v1693806888/uuten7n0s3i9xxd1jsxk.jpg','2023-09-04 12:54:47',26,18,3),(85,'Thông báo về việc không tổ chức mở lớp','<p class=\"ql-align-center\"><strong style=\"color: rgb(178, 34, 34);\">HƯỚNG DẪN THỦ TỤC NHẬP HỌC</strong></p><p class=\"ql-align-center\"><strong style=\"color: rgb(178, 34, 34);\">Đối với thí sinh trúng tuyển Đại học bằng thứ 2 và Liên thông từ CĐ lên ĐH năm 2016 đợt thi ngày 01 và 02 tháng 10 năm 2016</strong></p><p><strong style=\"color: rgb(178, 34, 34);\"><u>Lưu ý:&nbsp;</u></strong><strong style=\"color: rgb(0, 0, 128);\"><em>Trường hợp chưa nhận được Giấy báo trúng tuyển vẫn lên làm thủ tục nhập học.</em></strong></p><p><span style=\"color: rgb(0, 0, 128);\">-&nbsp;Địa điểm:&nbsp;</span><strong style=\"color: rgb(178, 34, 34);\">&nbsp;Phòng 006</strong><span style=\"color: rgb(0, 0, 128);\">&nbsp;tầng trệt, số 97 Võ Văn Tần, P.6, Q.3, Tp. HCM.</span></p><p><span style=\"color: rgb(0, 0, 128);\">- Thời gian:&nbsp;&nbsp;&nbsp;&nbsp;c</span><strong style=\"color: rgb(0, 0, 128);\">ác ngày 12, 13 và 14 tháng 10 năm 2016, từ 16g00 đến 19g00</strong><span style=\"color: rgb(0, 0, 128);\">.</span></p><p><span style=\"color: rgb(0, 0, 128);\">- Hồ sơ nhập học: Khi đến trường làm thủ tục nhập học, Anh (Chị) mang theo đầy đủ các loại&nbsp;giấy tờ sau:</span></p><p><span style=\"color: rgb(0, 0, 128);\">1. Giấy báo trúng tuyển (bản sao).</span></p><p><span style=\"color: rgb(0, 0, 128);\">2.&nbsp;Bản chính bằng tốt nghiệp Cao đẳng đối với thí sinh trúng tuyển Liên thông từ Cao đẳng lên Đại học; hoặc bằng tốt nghiệp Đại học đối với thí sinh trúng tuyển Đại học Bằng thứ 2 để đối chiếu.</span></p><p><span style=\"color: rgb(0, 0, 128);\">Và bổ sung các giấy tờ sau nếu còn thiếu khi làm thủ tục đăng ký dự thi:</span></p><p><span style=\"color: rgb(0, 0, 128);\">1. 02 bản sao bằng tốt nghiệp Cao đẳng hoặc Đại học.</span></p><p><span style=\"color: rgb(0, 0, 128);\">2. Bản chính và 01 bản sao bảng điểm Cao đẳng hoặc Đại học.</span></p><p><em style=\"color: rgb(0, 0, 128);\">(nhà trường sẽ trả lại bản chính sau khi đối chiếu)</em></p><p><span style=\"color: rgb(0, 0, 128);\">3. Bản sao giấy khai sinh.</span></p><p><span style=\"color: rgb(0, 0, 128);\">4. Giấy khám sức khỏe do phòng khám quận, huyện cấp.</span></p><p><strong style=\"color: rgb(0, 0, 128);\">Thời gian khai giảng: ngày 17/10/2016.</strong></p><p><strong style=\"color: rgb(0, 0, 128);\"><em>Đối với thí sinh đến trường nhập học chậm sau 15 ngày kể từ ngày làm thủ tục nhập học (26/10/2016) nếu không có lý do chính đáng thì coi như bỏ học. Chỉ hoàn học phí trong vòng 01 tháng kể từ ngày làm thủ tục nhập học.</em></strong></p>','https://res.cloudinary.com/de3yhowd4/image/upload/v1693806904/ut7qgdt4n6gejfjozeqi.jpg','2023-09-04 12:55:03',26,18,3),(86,'Thông báo về việc không tổ chức mở lớp','<p class=\"ql-align-center\"><strong style=\"color: rgb(178, 34, 34);\">HƯỚNG DẪN THỦ TỤC NHẬP HỌC</strong></p><p class=\"ql-align-center\"><strong style=\"color: rgb(178, 34, 34);\">Đối với thí sinh trúng tuyển Đại học bằng thứ 2 và Liên thông từ CĐ lên ĐH năm 2016 đợt thi ngày 01 và 02 tháng 10 năm 2016</strong></p><p><strong style=\"color: rgb(178, 34, 34);\"><u>Lưu ý:&nbsp;</u></strong><strong style=\"color: rgb(0, 0, 128);\"><em>Trường hợp chưa nhận được Giấy báo trúng tuyển vẫn lên làm thủ tục nhập học.</em></strong></p><p><span style=\"color: rgb(0, 0, 128);\">-&nbsp;Địa điểm:&nbsp;</span><strong style=\"color: rgb(178, 34, 34);\">&nbsp;Phòng 006</strong><span style=\"color: rgb(0, 0, 128);\">&nbsp;tầng trệt, số 97 Võ Văn Tần, P.6, Q.3, Tp. HCM.</span></p><p><span style=\"color: rgb(0, 0, 128);\">- Thời gian:&nbsp;&nbsp;&nbsp;&nbsp;c</span><strong style=\"color: rgb(0, 0, 128);\">ác ngày 12, 13 và 14 tháng 10 năm 2016, từ 16g00 đến 19g00</strong><span style=\"color: rgb(0, 0, 128);\">.</span></p><p><span style=\"color: rgb(0, 0, 128);\">- Hồ sơ nhập học: Khi đến trường làm thủ tục nhập học, Anh (Chị) mang theo đầy đủ các loại&nbsp;giấy tờ sau:</span></p><p><span style=\"color: rgb(0, 0, 128);\">1. Giấy báo trúng tuyển (bản sao).</span></p><p><span style=\"color: rgb(0, 0, 128);\">2.&nbsp;Bản chính bằng tốt nghiệp Cao đẳng đối với thí sinh trúng tuyển Liên thông từ Cao đẳng lên Đại học; hoặc bằng tốt nghiệp Đại học đối với thí sinh trúng tuyển Đại học Bằng thứ 2 để đối chiếu.</span></p><p><span style=\"color: rgb(0, 0, 128);\">Và bổ sung các giấy tờ sau nếu còn thiếu khi làm thủ tục đăng ký dự thi:</span></p><p><span style=\"color: rgb(0, 0, 128);\">1. 02 bản sao bằng tốt nghiệp Cao đẳng hoặc Đại học.</span></p><p><span style=\"color: rgb(0, 0, 128);\">2. Bản chính và 01 bản sao bảng điểm Cao đẳng hoặc Đại học.</span></p><p><em style=\"color: rgb(0, 0, 128);\">(nhà trường sẽ trả lại bản chính sau khi đối chiếu)</em></p><p><span style=\"color: rgb(0, 0, 128);\">3. Bản sao giấy khai sinh.</span></p><p><span style=\"color: rgb(0, 0, 128);\">4. Giấy khám sức khỏe do phòng khám quận, huyện cấp.</span></p><p><strong style=\"color: rgb(0, 0, 128);\">Thời gian khai giảng: ngày 17/10/2016.</strong></p><p><strong style=\"color: rgb(0, 0, 128);\"><em>Đối với thí sinh đến trường nhập học chậm sau 15 ngày kể từ ngày làm thủ tục nhập học (26/10/2016) nếu không có lý do chính đáng thì coi như bỏ học. Chỉ hoàn học phí trong vòng 01 tháng kể từ ngày làm thủ tục nhập học.</em></strong></p>','https://res.cloudinary.com/de3yhowd4/image/upload/v1693806914/ik37oxkmw5abcosgidyt.jpg','2023-09-04 12:55:13',26,18,3),(95,'THÔNG TIN TUYỂN SINH TRƯỜNG ĐẠI HỌC MỞ ','<p class=\"ql-align-center\"><strong style=\"color: rgb(192, 57, 43);\">Thông tin tuyển sinh Đại học chính quy năm 2023&nbsp;</strong></p><p class=\"ql-align-justify\">	<span style=\"color: rgb(0, 0, 0);\">Trường Đại học Mở Tp.HCM thông báo phương án tuyển sinh đại học chính quy năm 2023&nbsp;(dự kiến) của Trường như sau:</span></p><h3 class=\"ql-align-justify\">	<span style=\"color: rgb(0, 0, 0);\">Chỉ tiêu dự kiến:&nbsp;</span><strong style=\"color: rgb(192, 57, 43);\">5.000</strong></h3><p class=\"ql-align-justify\">	<span style=\"color: rgb(0, 0, 0);\">Mã trường: MBS</span></p><p class=\"ql-align-justify\"><strong style=\"color: rgb(0, 102, 255);\">&nbsp;&nbsp;&nbsp;1. Đối tượng tuyển sinh:</strong></p><p class=\"ql-align-justify\">&nbsp;&nbsp;&nbsp;&nbsp;&nbsp;&nbsp;&nbsp;&nbsp;&nbsp;&nbsp;<span style=\"color: rgb(0, 0, 0);\">-&nbsp;Thí sinh đã tốt nghiệp chương trình THPT của Việt Nam (hình thức giáo dục chính quy hoặc giáo dục thường xuyên) hoặc đã tốt nghiệp trình độ trung cấp (trong đó, người tốt nghiệp trình độ trung cấp nhưng chưa có bằng tốt nghiệp THPT phải học và thi đạt yêu cầu đủ khối lượng kiến thức văn hóa THPT theo quy định của Luật Giáo dục và các văn bản hướng dẫn thi hành) hoặc đã tốt nghiệp chương trình THPT của nước ngoài (đã được nước sở tại cho phép thực hiện, đạt trình độ tương đương trình độ THPT của Việt Nam) ở nước ngoài hoặc ở Việt Nam (sau đây gọi chung là tốt nghiệp THPT).</span></p><p class=\"ql-align-justify\"><span style=\"color: rgb(0, 0, 0);\">&nbsp;&nbsp;&nbsp;&nbsp;&nbsp;&nbsp;&nbsp;&nbsp;&nbsp;- Có đủ sức khoẻ để học tập theo quy định hiện hành. Đối với người khuyết tật được cấp có thẩm quyền công nhận bị dị dạng, dị tật, suy giảm khả năng tự lực trong sinh hoạt và học tập thì Hiệu trưởng xem xét, quyết định cho dự tuyển vào các ngành học phù hợp với tình trạng sức khoẻ.</span></p><p>&nbsp;&nbsp;&nbsp;&nbsp;<strong style=\"color: rgb(0, 102, 255);\">2. Phạm vi tuyển sinh:</strong></p><p>	<span style=\"color: rgb(0, 0, 0);\">Trường Đại học Mở Tp.HCM tuyển sinh trên cả nước và quốc tế.</span></p><p class=\"ql-align-justify\">&nbsp;&nbsp;&nbsp;&nbsp;<strong style=\"color: rgb(0, 102, 255);\">3. Phương thức xét tuyển:</strong></p><ul><li class=\"ql-align-justify\"><strong style=\"color: rgb(0, 0, 0);\"><u>Nhóm các phương thức xét tuyển theo kế hoạch chung của Bộ GD&amp;ĐT:</u></strong></li></ul><p class=\"ql-align-justify\">	<strong style=\"color: rgb(0, 0, 0);\">PT1:</strong><span style=\"color: rgb(0, 0, 0);\">&nbsp;Xét tuyển thẳng, ưu tiên xét tuyển theo Quy chế tuyển sinh của Trường và Bộ GD&amp;ĐT.</span></p><p class=\"ql-align-justify\">	<strong style=\"color: rgb(0, 0, 0);\">PT2:</strong><span style=\"color: rgb(0, 0, 0);\">&nbsp;Xét tuyển theo Kết quả thi tốt nghiệp THPT.</span></p><ul><li class=\"ql-align-justify\"><strong style=\"color: rgb(0, 0, 0);\"><u>Nhóm các phương thức theo kế hoạch&nbsp;xét tuyển riêng của Trường, các phương thức xét tuyển được ưu tiên theo thứ tự như sau:</u></strong></li></ul><p class=\"ql-align-justify\">	<strong style=\"color: rgb(0, 0, 0);\">PT1:</strong><span style=\"color: rgb(0, 0, 0);\">&nbsp;Ưu tiên xét tuyển đối với thí sinh có:</span></p><p class=\"ql-align-justify\">	<span style=\"color: rgb(0, 0, 0);\">+ Bằng tú tài quốc tế (IB) điểm từ 26;</span></p><p class=\"ql-align-justify\">	<span style=\"color: rgb(0, 0, 0);\">+ Chứng chỉ quốc tế A-Level của Trung tâm khảo thí ĐH Cambridge (Anh) theo điểm 3 môn thi (trở lên) đảm bảo mức điểm mỗi môn thi đạt từ C trở lên.</span></p><p class=\"ql-align-justify\">	<span style=\"color: rgb(0, 0, 0);\">+ Kết quả trong kỳ thi chuẩn hóa SAT (Scholastic Assessment Test, Hoa kỳ) đạt điểm từ 1100/1600.</span></p><p class=\"ql-align-justify\">	<strong style=\"color: rgb(0, 0, 0);\">PT2:&nbsp;</strong><span style=\"color: rgb(0, 0, 0);\">Ưu tiên xét tuyển học sinh Giỏi THPT (nhóm 1 và nhóm 2) có chứng chỉ Ngoại ngữ quốc tế theo quy định.</span></p><p class=\"ql-align-justify\">	<strong style=\"color: rgb(0, 0, 0);\">PT3:&nbsp;</strong><span style=\"color: rgb(0, 0, 0);\">Ưu tiên xét tuyển học sinh Giỏi THPT (nhóm 1 và nhóm 2).</span></p><p class=\"ql-align-justify\">	<strong style=\"color: rgb(0, 0, 0);\">PT4:&nbsp;</strong><span style=\"color: rgb(0, 0, 0);\">Ưu tiên xét tuyển kết quả học bạ THPT có chứng chỉ quốc tế.</span></p><p class=\"ql-align-justify\">	<strong style=\"color: rgb(0, 0, 0);\">PT5:&nbsp;</strong><span style=\"color: rgb(0, 0, 0);\">Xét tuyển học bạ THPT.</span></p><p class=\"ql-align-justify\"><strong style=\"color: rgb(0, 102, 255);\">&nbsp;&nbsp;4. Nguyên tắc xét tuyển:</strong></p><p class=\"ql-align-justify\">&nbsp;<span style=\"color: rgb(0, 0, 0);\">&nbsp;&nbsp;- Điểm trúng tuyển xác định theo từng ngành; Xét từ cao xuống thấp cho đến hết chỉ tiêu.</span></p><p class=\"ql-align-justify\"><strong>&nbsp;&nbsp;</strong><strong style=\"color: rgb(0, 102, 255);\">&nbsp;</strong><strong style=\"color: rgb(255, 0, 0);\">&nbsp;4.1&nbsp;<u>Nhóm các phương thức xét tuyển theo kế hoạch chung của Bộ GD&amp;ĐT:</u></strong></p><p class=\"ql-align-justify\">	<span style=\"color: rgb(0, 0, 0);\">- Theo quy định tuyển sinh hiện hành của Bộ GD&amp;ĐT và</span><em style=\"color: rgb(0, 0, 0);\">&nbsp;không sử dụng điểm thi được bảo lưu từ các kỳ thi TN THPT, THPT quốc gia các năm trước để xét tuyển</em><span style=\"color: rgb(0, 0, 0);\">.</span></p><p class=\"ql-align-justify\"><span style=\"color: rgb(0, 102, 255);\">&nbsp;</span><strong style=\"color: rgb(0, 102, 255);\">&nbsp;&nbsp;</strong><strong style=\"color: rgb(255, 0, 0);\">4.2&nbsp;<u>Nhóm các phương thức theo kế hoạch&nbsp;xét tuyển riêng của Trường, các phương thức xét tuyển được ưu tiên theo thứ tự như sau:</u></strong></p><p class=\"ql-align-justify\">	<span style=\"color: rgb(0, 0, 0);\">- Được tổ chức trong cùng 1 đợt xét tuyển.</span></p><p class=\"ql-align-justify\">	<strong style=\"color: rgb(0, 0, 0);\">-</strong><span style=\"color: rgb(0, 0, 0);\">&nbsp;Xét lần lượt các phương thức và điểm xét tuyển từ cao xuống thấp đến khi hết chỉ tiêu. Các phương thức được xét tuyển lần lượt theo thứ tự ưu tiên&nbsp;từ phương thức 1&nbsp;đến phương thức 5.</span></p><p class=\"ql-align-justify\">	<span style=\"color: rgb(0, 0, 0);\">- Thí sinh được xét bình đẳng, không phân biệt thứ tự ưu tiên của nguyện vọng đăng ký.</span></p><p class=\"ql-align-justify\">	<span style=\"color: rgb(0, 0, 0);\">- Thí sinh (căn cứ theo số CCCD) được đăng ký xét tuyển theo một phương thức duy nhất và được đăng ký tối đa 03 nguyện vọng (NV) và phải xếp theo thứ tự ưu tiên từ cao xuống thấp (NV1 là NV ưu tiên cao nhất); thí sinh chỉ có tên trúng tuyển 01 (một) NV duy nhất.</span></p><p class=\"ql-align-justify\"><strong style=\"color: rgb(0, 0, 0);\">&nbsp;&nbsp;&nbsp;►Phương thức 2 và 3:&nbsp;Ưu tiên xét tuyển học sinh Giỏi THPT (nhóm 1 và nhóm 2) có chứng chỉ Ngoại ngữ quốc tế theo quy định.</strong><strong>&nbsp;</strong><span style=\"color: rgb(0, 0, 0);\">&nbsp;</span><em style=\"color: rgb(0, 0, 0);\">Điều kiện đăng ký xét tuyển</em><span style=\"color: rgb(0, 0, 0);\">:</span></p><p class=\"ql-align-justify\"><span style=\"color: rgb(0, 0, 0);\">&nbsp;&nbsp;(1) Học sinh tốt nghiệp THPT năm 2023;</span></p><p class=\"ql-align-justify\"><span style=\"color: rgb(0, 0, 0);\">&nbsp;&nbsp;(2) Có hạnh kiểm tốt 02 năm lớp 10,&nbsp;lớp 11 và</span><span style=\"color: rgb(255, 0, 0);\">&nbsp;</span><u style=\"color: rgb(255, 0, 0);\">học kỳ 1 lớp 12</u><span style=\"color: rgb(0, 0, 0);\">;</span></p><p class=\"ql-align-justify\"><span style=\"color: rgb(0, 0, 0);\">&nbsp;&nbsp;(3) Kết quả học lực 02 năm lớp 10, lớp 11 và&nbsp;</span><u style=\"color: rgb(255, 0, 0);\">học kỳ 1 năm lớp 12</u><span style=\"color: rgb(0, 0, 0);\">&nbsp;đạt loại giỏi.</span></p><p class=\"ql-align-justify\"><span style=\"color: rgb(0, 0, 0);\">&nbsp;&nbsp;(4) Ngưỡng đảm bảo chất lượng đầu vào:</span></p><p class=\"ql-align-justify\"><span style=\"color: rgb(0, 0, 0);\">&nbsp;&nbsp;&nbsp;&nbsp;+ Học sinh Giỏi nhóm 1: Tổng 3 môn trong tổ hợp xét tuyển, không nhân hệ số, không cộng điểm ưu tiên: từ 20,0 điểm.</span></p><p><span style=\"color: rgb(0, 0, 0);\">&nbsp;&nbsp;&nbsp;&nbsp;+ Học sinh Giỏi nhóm 2: Tổng 3 môn trong tổ hợp xét tuyển, không nhân hệ số, không cộng điểm ưu tiên: từ 22,0 điểm trở lên và điểm trung bình chung các môn xét tuyển từ 7,0 trở lên.</span></p><p class=\"ql-align-justify\"><span style=\"color: rgb(0, 0, 0);\">&nbsp;&nbsp;(5) Đối với Phương thức 2: Có chứng chỉ ngoại ngữ quốc tế trong thời hạn 02 năm:</span></p><p class=\"ql-align-justify\"><span style=\"color: rgb(0, 0, 0);\">&nbsp;&nbsp;&nbsp;+ Các ngành Ngôn ngữ:&nbsp;</span><strong style=\"color: rgb(0, 0, 0);\">IELTS đạt 6.0</strong><span style=\"color: rgb(0, 0, 0);\">&nbsp;(</span><em style=\"color: rgb(255, 0, 0);\">hoặc các chứng chỉ khác tương đương – Tham khảo PL2</em><span style=\"color: rgb(0, 0, 0);\">).</span></p><p class=\"ql-align-justify\"><span style=\"color: rgb(0, 0, 0);\">&nbsp;&nbsp;&nbsp;+ Các ngành còn lại:&nbsp;</span><strong style=\"color: rgb(0, 0, 0);\">IELTS đạt 5.5&nbsp;</strong><span style=\"color: rgb(0, 0, 0);\">(</span><em style=\"color: rgb(255, 0, 0);\">hoặc các chứng chỉ khác tương đương – Tham khảo PL2</em><span style=\"color: rgb(0, 0, 0);\">)</span><strong style=\"color: rgb(0, 0, 0);\">.</strong></p><p class=\"ql-align-justify\"><strong style=\"color: rgb(0, 0, 0);\">&nbsp;►Phương thức 4: Ưu tiên xét tuyển&nbsp;kết quả học bạ THPT có chứng chỉ quốc tế</strong></p><p class=\"ql-align-justify\"><em>&nbsp;&nbsp;</em><em style=\"color: rgb(0, 0, 0);\">- Điều kiện đăng ký:&nbsp;</em><span style=\"color: rgb(0, 0, 0);\">thí sinh thỏa mãn cùng lúc 02 điều kiện:</span></p><p class=\"ql-align-justify\"><span style=\"color: rgb(0, 0, 0);\">&nbsp;(1) Thí sinh thỏa mãn các điều kiện của Phương thức 5;</span></p><p class=\"ql-align-justify\"><span style=\"color: rgb(0, 0, 0);\">&nbsp;(2) Có chứng chỉ ngoại ngữ quốc tế trong thời hạn 02 năm:</span></p><p class=\"ql-align-justify\"><span style=\"color: rgb(0, 0, 0);\">&nbsp;+ Các ngành Ngôn ngữ:&nbsp;</span><strong style=\"color: rgb(0, 0, 0);\">IELTS đạt 6.0</strong><span style=\"color: rgb(0, 0, 0);\">&nbsp;(</span><em style=\"color: rgb(255, 0, 0);\">hoặc các chứng chỉ khác tương đương – Tham khảo PL2</em><span style=\"color: rgb(0, 0, 0);\">).</span></p><p class=\"ql-align-justify\"><span style=\"color: rgb(0, 0, 0);\">&nbsp;+ Các ngành còn lại:&nbsp;</span><strong style=\"color: rgb(0, 0, 0);\">IELTS đạt 5.5&nbsp;</strong><span style=\"color: rgb(0, 0, 0);\">(</span><em style=\"color: rgb(255, 0, 0);\">hoặc các chứng chỉ khác tương đương – Tham khảo PL2</em><span style=\"color: rgb(0, 0, 0);\">)</span><strong style=\"color: rgb(0, 0, 0);\">.</strong></p><p class=\"ql-align-justify\"><strong style=\"color: rgb(0, 0, 0);\">►Phương thức 5: Xét tuyển theo kết quả học tập THPT:</strong></p><p class=\"ql-align-justify\"><em style=\"color: rgb(0, 0, 0);\">- Điều kiện đăng ký hồ sơ:</em><span style=\"color: rgb(0, 0, 0);\">&nbsp;Tổng Điểm trung bình môn học các môn trong tổ hợp xét tuyển (Điểm Đăng ký xét tuyển - không bao gồm điểm ưu tiên) phải đạt từ&nbsp;</span><strong style=\"color: rgb(0, 0, 0);\">18,00&nbsp;</strong><span style=\"color: rgb(0, 0, 0);\">điểm trở lên đối với các ngành Công nghệ sinh học (đại trà và chất lượng cao), Công tác xã hội, Xã hội học, Đông Nam Á học. Các ngành còn lại từ&nbsp;</span><strong style=\"color: rgb(0, 0, 0);\">20,00&nbsp;</strong><span style=\"color: rgb(0, 0, 0);\">điểm trở lên.</span></p><p><span style=\"color: rgb(0, 0, 0);\">- Điểm Đăng ký xét tuyển (ĐĐKXT) phương thức 2, 3, 4 và&nbsp;5&nbsp;được xác định như sau:</span></p>','https://res.cloudinary.com/de3yhowd4/image/upload/v1694322565/hwlqyhmtllrmwgceasig.png','2023-09-10 12:09:24',26,14,3),(96,'THÔNG TIN TUYỂN SINH TRƯỜNG ĐẠI HỌC MỞ ','<p class=\"ql-align-center\"><strong style=\"color: rgb(192, 57, 43);\">Thông tin tuyển sinh Đại học chính quy năm 2023&nbsp;</strong></p><p class=\"ql-align-justify\"><span style=\"color: rgb(0, 0, 0);\">Trường Đại học Mở Tp.HCM thông báo phương án tuyển sinh đại học chính quy năm 2023&nbsp;(dự kiến) của Trường như sau:</span></p><h3 class=\"ql-align-justify\"><span style=\"color: rgb(0, 0, 0);\">Chỉ tiêu dự kiến:&nbsp;</span><strong style=\"color: rgb(192, 57, 43);\">5.000</strong></h3><p class=\"ql-align-justify\"><span style=\"color: rgb(0, 0, 0);\">Mã trường: MBS</span></p><p class=\"ql-align-justify\"><strong style=\"color: rgb(0, 102, 255);\">&nbsp;&nbsp;&nbsp;1. Đối tượng tuyển sinh:</strong></p><p class=\"ql-align-justify\">&nbsp;&nbsp;&nbsp;&nbsp;&nbsp;&nbsp;&nbsp;&nbsp;&nbsp;&nbsp;<span style=\"color: rgb(0, 0, 0);\">-&nbsp;Thí sinh đã tốt nghiệp chương trình THPT của Việt Nam (hình thức giáo dục chính quy hoặc giáo dục thường xuyên) hoặc đã tốt nghiệp trình độ trung cấp (trong đó, người tốt nghiệp trình độ trung cấp nhưng chưa có bằng tốt nghiệp THPT phải học và thi đạt yêu cầu đủ khối lượng kiến thức văn hóa THPT theo quy định của Luật Giáo dục và các văn bản hướng dẫn thi hành) hoặc đã tốt nghiệp chương trình THPT của nước ngoài (đã được nước sở tại cho phép thực hiện, đạt trình độ tương đương trình độ THPT của Việt Nam) ở nước ngoài hoặc ở Việt Nam (sau đây gọi chung là tốt nghiệp THPT).</span></p><p class=\"ql-align-justify\"><span style=\"color: rgb(0, 0, 0);\">&nbsp;&nbsp;&nbsp;&nbsp;&nbsp;&nbsp;&nbsp;&nbsp;&nbsp;- Có đủ sức khoẻ để học tập theo quy định hiện hành. Đối với người khuyết tật được cấp có thẩm quyền công nhận bị dị dạng, dị tật, suy giảm khả năng tự lực trong sinh hoạt và học tập thì Hiệu trưởng xem xét, quyết định cho dự tuyển vào các ngành học phù hợp với tình trạng sức khoẻ.</span></p><p>&nbsp;&nbsp;&nbsp;&nbsp;<strong style=\"color: rgb(0, 102, 255);\">2. Phạm vi tuyển sinh:</strong></p><p><span style=\"color: rgb(0, 0, 0);\">Trường Đại học Mở Tp.HCM tuyển sinh trên cả nước và quốc tế.</span></p><p class=\"ql-align-justify\">&nbsp;&nbsp;&nbsp;&nbsp;<strong style=\"color: rgb(0, 102, 255);\">3. Phương thức xét tuyển:</strong></p><ul><li class=\"ql-align-justify\"><strong style=\"color: rgb(0, 0, 0);\"><u>Nhóm các phương thức xét tuyển theo kế hoạch chung của Bộ GD&amp;ĐT:</u></strong></li></ul><p class=\"ql-align-justify\"><strong style=\"color: rgb(0, 0, 0);\">PT1:</strong><span style=\"color: rgb(0, 0, 0);\">&nbsp;Xét tuyển thẳng, ưu tiên xét tuyển theo Quy chế tuyển sinh của Trường và Bộ GD&amp;ĐT.</span></p><p class=\"ql-align-justify\"><strong style=\"color: rgb(0, 0, 0);\">PT2:</strong><span style=\"color: rgb(0, 0, 0);\">&nbsp;Xét tuyển theo Kết quả thi tốt nghiệp THPT.</span></p><ul><li class=\"ql-align-justify\"><strong style=\"color: rgb(0, 0, 0);\"><u>Nhóm các phương thức theo kế hoạch&nbsp;xét tuyển riêng của Trường, các phương thức xét tuyển được ưu tiên theo thứ tự như sau:</u></strong></li></ul><p class=\"ql-align-justify\"><strong style=\"color: rgb(0, 0, 0);\">PT1:</strong><span style=\"color: rgb(0, 0, 0);\">&nbsp;Ưu tiên xét tuyển đối với thí sinh có:</span></p><p class=\"ql-align-justify\"><span style=\"color: rgb(0, 0, 0);\">+ Bằng tú tài quốc tế (IB) điểm từ 26;</span></p><p class=\"ql-align-justify\"><span style=\"color: rgb(0, 0, 0);\">+ Chứng chỉ quốc tế A-Level của Trung tâm khảo thí ĐH Cambridge (Anh) theo điểm 3 môn thi (trở lên) đảm bảo mức điểm mỗi môn thi đạt từ C trở lên.</span></p><p class=\"ql-align-justify\"><span style=\"color: rgb(0, 0, 0);\">+ Kết quả trong kỳ thi chuẩn hóa SAT (Scholastic Assessment Test, Hoa kỳ) đạt điểm từ 1100/1600.</span></p><p class=\"ql-align-justify\"><strong style=\"color: rgb(0, 0, 0);\">PT2:&nbsp;</strong><span style=\"color: rgb(0, 0, 0);\">Ưu tiên xét tuyển học sinh Giỏi THPT (nhóm 1 và nhóm 2) có chứng chỉ Ngoại ngữ quốc tế theo quy định.</span></p><p class=\"ql-align-justify\"><strong style=\"color: rgb(0, 0, 0);\">PT3:&nbsp;</strong><span style=\"color: rgb(0, 0, 0);\">Ưu tiên xét tuyển học sinh Giỏi THPT (nhóm 1 và nhóm 2).</span></p><p class=\"ql-align-justify\"><strong style=\"color: rgb(0, 0, 0);\">PT4:&nbsp;</strong><span style=\"color: rgb(0, 0, 0);\">Ưu tiên xét tuyển kết quả học bạ THPT có chứng chỉ quốc tế.</span></p><p class=\"ql-align-justify\"><strong style=\"color: rgb(0, 0, 0);\">PT5:&nbsp;</strong><span style=\"color: rgb(0, 0, 0);\">Xét tuyển học bạ THPT.</span></p><p class=\"ql-align-justify\"><strong style=\"color: rgb(0, 102, 255);\">&nbsp;&nbsp;4. Nguyên tắc xét tuyển:</strong></p><p class=\"ql-align-justify\">&nbsp;<span style=\"color: rgb(0, 0, 0);\">&nbsp;&nbsp;- Điểm trúng tuyển xác định theo từng ngành; Xét từ cao xuống thấp cho đến hết chỉ tiêu.</span></p><p class=\"ql-align-justify\"><strong>&nbsp;&nbsp;</strong><strong style=\"color: rgb(0, 102, 255);\">&nbsp;</strong><strong style=\"color: rgb(255, 0, 0);\">&nbsp;4.1&nbsp;<u>Nhóm các phương thức xét tuyển theo kế hoạch chung của Bộ GD&amp;ĐT:</u></strong></p><p class=\"ql-align-justify\"><span style=\"color: rgb(0, 0, 0);\">- Theo quy định tuyển sinh hiện hành của Bộ GD&amp;ĐT và</span><em style=\"color: rgb(0, 0, 0);\">&nbsp;không sử dụng điểm thi được bảo lưu từ các kỳ thi TN THPT, THPT quốc gia các năm trước để xét tuyển</em><span style=\"color: rgb(0, 0, 0);\">.</span></p><p class=\"ql-align-justify\"><span style=\"color: rgb(0, 102, 255);\">&nbsp;</span><strong style=\"color: rgb(0, 102, 255);\">&nbsp;&nbsp;</strong><strong style=\"color: rgb(255, 0, 0);\">4.2&nbsp;<u>Nhóm các phương thức theo kế hoạch&nbsp;xét tuyển riêng của Trường, các phương thức xét tuyển được ưu tiên theo thứ tự như sau:</u></strong></p><p class=\"ql-align-justify\"><span style=\"color: rgb(0, 0, 0);\">- Được tổ chức trong cùng 1 đợt xét tuyển.</span></p><p class=\"ql-align-justify\"><strong style=\"color: rgb(0, 0, 0);\">-</strong><span style=\"color: rgb(0, 0, 0);\">&nbsp;Xét lần lượt các phương thức và điểm xét tuyển từ cao xuống thấp đến khi hết chỉ tiêu. Các phương thức được xét tuyển lần lượt theo thứ tự ưu tiên&nbsp;từ phương thức 1&nbsp;đến phương thức 5.</span></p><p class=\"ql-align-justify\"><span style=\"color: rgb(0, 0, 0);\">- Thí sinh được xét bình đẳng, không phân biệt thứ tự ưu tiên của nguyện vọng đăng ký.</span></p><p class=\"ql-align-justify\"><span style=\"color: rgb(0, 0, 0);\">- Thí sinh (căn cứ theo số CCCD) được đăng ký xét tuyển theo một phương thức duy nhất và được đăng ký tối đa 03 nguyện vọng (NV) và phải xếp theo thứ tự ưu tiên từ cao xuống thấp (NV1 là NV ưu tiên cao nhất); thí sinh chỉ có tên trúng tuyển 01 (một) NV duy nhất.</span></p><p class=\"ql-align-justify\"><strong style=\"color: rgb(0, 0, 0);\">&nbsp;&nbsp;&nbsp;►Phương thức 2 và 3:&nbsp;Ưu tiên xét tuyển học sinh Giỏi THPT (nhóm 1 và nhóm 2) có chứng chỉ Ngoại ngữ quốc tế theo quy định.</strong><strong>&nbsp;</strong><span style=\"color: rgb(0, 0, 0);\">&nbsp;</span><em style=\"color: rgb(0, 0, 0);\">Điều kiện đăng ký xét tuyển</em><span style=\"color: rgb(0, 0, 0);\">:</span></p><p class=\"ql-align-justify\"><span style=\"color: rgb(0, 0, 0);\">&nbsp;&nbsp;(1) Học sinh tốt nghiệp THPT năm 2023;</span></p><p class=\"ql-align-justify\"><span style=\"color: rgb(0, 0, 0);\">&nbsp;&nbsp;(2) Có hạnh kiểm tốt 02 năm lớp 10,&nbsp;lớp 11 và</span><span style=\"color: rgb(255, 0, 0);\">&nbsp;</span><u style=\"color: rgb(255, 0, 0);\">học kỳ 1 lớp 12</u><span style=\"color: rgb(0, 0, 0);\">;</span></p><p class=\"ql-align-justify\"><span style=\"color: rgb(0, 0, 0);\">&nbsp;&nbsp;(3) Kết quả học lực 02 năm lớp 10, lớp 11 và&nbsp;</span><u style=\"color: rgb(255, 0, 0);\">học kỳ 1 năm lớp 12</u><span style=\"color: rgb(0, 0, 0);\">&nbsp;đạt loại giỏi.</span></p><p class=\"ql-align-justify\"><span style=\"color: rgb(0, 0, 0);\">&nbsp;&nbsp;(4) Ngưỡng đảm bảo chất lượng đầu vào:</span></p><p class=\"ql-align-justify\"><span style=\"color: rgb(0, 0, 0);\">&nbsp;&nbsp;&nbsp;&nbsp;+ Học sinh Giỏi nhóm 1: Tổng 3 môn trong tổ hợp xét tuyển, không nhân hệ số, không cộng điểm ưu tiên: từ 20,0 điểm.</span></p><p><span style=\"color: rgb(0, 0, 0);\">&nbsp;&nbsp;&nbsp;&nbsp;+ Học sinh Giỏi nhóm 2: Tổng 3 môn trong tổ hợp xét tuyển, không nhân hệ số, không cộng điểm ưu tiên: từ 22,0 điểm trở lên và điểm trung bình chung các môn xét tuyển từ 7,0 trở lên.</span></p><p class=\"ql-align-justify\"><span style=\"color: rgb(0, 0, 0);\">&nbsp;&nbsp;(5) Đối với Phương thức 2: Có chứng chỉ ngoại ngữ quốc tế trong thời hạn 02 năm:</span></p><p class=\"ql-align-justify\"><span style=\"color: rgb(0, 0, 0);\">&nbsp;&nbsp;&nbsp;+ Các ngành Ngôn ngữ:&nbsp;</span><strong style=\"color: rgb(0, 0, 0);\">IELTS đạt 6.0</strong><span style=\"color: rgb(0, 0, 0);\">&nbsp;(</span><em style=\"color: rgb(255, 0, 0);\">hoặc các chứng chỉ khác tương đương – Tham khảo PL2</em><span style=\"color: rgb(0, 0, 0);\">).</span></p><p class=\"ql-align-justify\"><span style=\"color: rgb(0, 0, 0);\">&nbsp;&nbsp;&nbsp;+ Các ngành còn lại:&nbsp;</span><strong style=\"color: rgb(0, 0, 0);\">IELTS đạt 5.5&nbsp;</strong><span style=\"color: rgb(0, 0, 0);\">(</span><em style=\"color: rgb(255, 0, 0);\">hoặc các chứng chỉ khác tương đương – Tham khảo PL2</em><span style=\"color: rgb(0, 0, 0);\">)</span><strong style=\"color: rgb(0, 0, 0);\">.</strong></p><p class=\"ql-align-justify\"><strong style=\"color: rgb(0, 0, 0);\">&nbsp;►Phương thức 4: Ưu tiên xét tuyển&nbsp;kết quả học bạ THPT có chứng chỉ quốc tế</strong></p><p class=\"ql-align-justify\"><em>&nbsp;&nbsp;</em><em style=\"color: rgb(0, 0, 0);\">- Điều kiện đăng ký:&nbsp;</em><span style=\"color: rgb(0, 0, 0);\">thí sinh thỏa mãn cùng lúc 02 điều kiện:</span></p><p class=\"ql-align-justify\"><span style=\"color: rgb(0, 0, 0);\">&nbsp;(1) Thí sinh thỏa mãn các điều kiện của Phương thức 5;</span></p><p class=\"ql-align-justify\"><span style=\"color: rgb(0, 0, 0);\">&nbsp;(2) Có chứng chỉ ngoại ngữ quốc tế trong thời hạn 02 năm:</span></p><p class=\"ql-align-justify\"><span style=\"color: rgb(0, 0, 0);\">&nbsp;+ Các ngành Ngôn ngữ:&nbsp;</span><strong style=\"color: rgb(0, 0, 0);\">IELTS đạt 6.0</strong><span style=\"color: rgb(0, 0, 0);\">&nbsp;(</span><em style=\"color: rgb(255, 0, 0);\">hoặc các chứng chỉ khác tương đương – Tham khảo PL2</em><span style=\"color: rgb(0, 0, 0);\">).</span></p><p class=\"ql-align-justify\"><span style=\"color: rgb(0, 0, 0);\">&nbsp;+ Các ngành còn lại:&nbsp;</span><strong style=\"color: rgb(0, 0, 0);\">IELTS đạt 5.5&nbsp;</strong><span style=\"color: rgb(0, 0, 0);\">(</span><em style=\"color: rgb(255, 0, 0);\">hoặc các chứng chỉ khác tương đương – Tham khảo PL2</em><span style=\"color: rgb(0, 0, 0);\">)</span><strong style=\"color: rgb(0, 0, 0);\">.</strong></p><p class=\"ql-align-justify\"><strong style=\"color: rgb(0, 0, 0);\">►Phương thức 5: Xét tuyển theo kết quả học tập THPT:</strong></p><p class=\"ql-align-justify\"><em style=\"color: rgb(0, 0, 0);\">- Điều kiện đăng ký hồ sơ:</em><span style=\"color: rgb(0, 0, 0);\">&nbsp;Tổng Điểm trung bình môn học các môn trong tổ hợp xét tuyển (Điểm Đăng ký xét tuyển - không bao gồm điểm ưu tiên) phải đạt từ&nbsp;</span><strong style=\"color: rgb(0, 0, 0);\">18,00&nbsp;</strong><span style=\"color: rgb(0, 0, 0);\">điểm trở lên đối với các ngành Công nghệ sinh học (đại trà và chất lượng cao), Công tác xã hội, Xã hội học, Đông Nam Á học. Các ngành còn lại từ&nbsp;</span><strong style=\"color: rgb(0, 0, 0);\">20,00&nbsp;</strong><span style=\"color: rgb(0, 0, 0);\">điểm trở lên.</span></p><p><span style=\"color: rgb(0, 0, 0);\">- Điểm Đăng ký xét tuyển (ĐĐKXT) phương thức 2, 3, 4 và&nbsp;5&nbsp;được xác định như sau:</span></p>','https://res.cloudinary.com/de3yhowd4/image/upload/v1694322590/z2bkgd8ttryzahe3pjkr.jpg','2023-09-10 12:09:48',26,14,3),(97,'THÔNG TIN TUYỂN SINH TRƯỜNG ĐẠI HỌC MỞ ','<p class=\"ql-align-center\"><strong style=\"color: rgb(192, 57, 43);\">Thông tin tuyển sinh Đại học chính quy năm 2023&nbsp;</strong></p><p class=\"ql-align-justify\"><span style=\"color: rgb(0, 0, 0);\">Trường Đại học Mở Tp.HCM thông báo phương án tuyển sinh đại học chính quy năm 2023&nbsp;(dự kiến) của Trường như sau:</span></p><h3 class=\"ql-align-justify\"><span style=\"color: rgb(0, 0, 0);\">Chỉ tiêu dự kiến:&nbsp;</span><strong style=\"color: rgb(192, 57, 43);\">5.000</strong></h3><p class=\"ql-align-justify\"><span style=\"color: rgb(0, 0, 0);\">Mã trường: MBS</span></p><p class=\"ql-align-justify\"><strong style=\"color: rgb(0, 102, 255);\">&nbsp;&nbsp;&nbsp;1. Đối tượng tuyển sinh:</strong></p><p class=\"ql-align-justify\">&nbsp;&nbsp;&nbsp;&nbsp;&nbsp;&nbsp;&nbsp;&nbsp;&nbsp;&nbsp;<span style=\"color: rgb(0, 0, 0);\">-&nbsp;Thí sinh đã tốt nghiệp chương trình THPT của Việt Nam (hình thức giáo dục chính quy hoặc giáo dục thường xuyên) hoặc đã tốt nghiệp trình độ trung cấp (trong đó, người tốt nghiệp trình độ trung cấp nhưng chưa có bằng tốt nghiệp THPT phải học và thi đạt yêu cầu đủ khối lượng kiến thức văn hóa THPT theo quy định của Luật Giáo dục và các văn bản hướng dẫn thi hành) hoặc đã tốt nghiệp chương trình THPT của nước ngoài (đã được nước sở tại cho phép thực hiện, đạt trình độ tương đương trình độ THPT của Việt Nam) ở nước ngoài hoặc ở Việt Nam (sau đây gọi chung là tốt nghiệp THPT).</span></p><p class=\"ql-align-justify\"><span style=\"color: rgb(0, 0, 0);\">&nbsp;&nbsp;&nbsp;&nbsp;&nbsp;&nbsp;&nbsp;&nbsp;&nbsp;- Có đủ sức khoẻ để học tập theo quy định hiện hành. Đối với người khuyết tật được cấp có thẩm quyền công nhận bị dị dạng, dị tật, suy giảm khả năng tự lực trong sinh hoạt và học tập thì Hiệu trưởng xem xét, quyết định cho dự tuyển vào các ngành học phù hợp với tình trạng sức khoẻ.</span></p><p>&nbsp;&nbsp;&nbsp;&nbsp;<strong style=\"color: rgb(0, 102, 255);\">2. Phạm vi tuyển sinh:</strong></p><p><span style=\"color: rgb(0, 0, 0);\">Trường Đại học Mở Tp.HCM tuyển sinh trên cả nước và quốc tế.</span></p><p class=\"ql-align-justify\">&nbsp;&nbsp;&nbsp;&nbsp;<strong style=\"color: rgb(0, 102, 255);\">3. Phương thức xét tuyển:</strong></p><ul><li class=\"ql-align-justify\"><strong style=\"color: rgb(0, 0, 0);\"><u>Nhóm các phương thức xét tuyển theo kế hoạch chung của Bộ GD&amp;ĐT:</u></strong></li></ul><p class=\"ql-align-justify\"><strong style=\"color: rgb(0, 0, 0);\">PT1:</strong><span style=\"color: rgb(0, 0, 0);\">&nbsp;Xét tuyển thẳng, ưu tiên xét tuyển theo Quy chế tuyển sinh của Trường và Bộ GD&amp;ĐT.</span></p><p class=\"ql-align-justify\"><strong style=\"color: rgb(0, 0, 0);\">PT2:</strong><span style=\"color: rgb(0, 0, 0);\">&nbsp;Xét tuyển theo Kết quả thi tốt nghiệp THPT.</span></p><ul><li class=\"ql-align-justify\"><strong style=\"color: rgb(0, 0, 0);\"><u>Nhóm các phương thức theo kế hoạch&nbsp;xét tuyển riêng của Trường, các phương thức xét tuyển được ưu tiên theo thứ tự như sau:</u></strong></li></ul><p class=\"ql-align-justify\"><strong style=\"color: rgb(0, 0, 0);\">PT1:</strong><span style=\"color: rgb(0, 0, 0);\">&nbsp;Ưu tiên xét tuyển đối với thí sinh có:</span></p><p class=\"ql-align-justify\"><span style=\"color: rgb(0, 0, 0);\">+ Bằng tú tài quốc tế (IB) điểm từ 26;</span></p><p class=\"ql-align-justify\"><span style=\"color: rgb(0, 0, 0);\">+ Chứng chỉ quốc tế A-Level của Trung tâm khảo thí ĐH Cambridge (Anh) theo điểm 3 môn thi (trở lên) đảm bảo mức điểm mỗi môn thi đạt từ C trở lên.</span></p><p class=\"ql-align-justify\"><span style=\"color: rgb(0, 0, 0);\">+ Kết quả trong kỳ thi chuẩn hóa SAT (Scholastic Assessment Test, Hoa kỳ) đạt điểm từ 1100/1600.</span></p><p class=\"ql-align-justify\"><strong style=\"color: rgb(0, 0, 0);\">PT2:&nbsp;</strong><span style=\"color: rgb(0, 0, 0);\">Ưu tiên xét tuyển học sinh Giỏi THPT (nhóm 1 và nhóm 2) có chứng chỉ Ngoại ngữ quốc tế theo quy định.</span></p><p class=\"ql-align-justify\"><strong style=\"color: rgb(0, 0, 0);\">PT3:&nbsp;</strong><span style=\"color: rgb(0, 0, 0);\">Ưu tiên xét tuyển học sinh Giỏi THPT (nhóm 1 và nhóm 2).</span></p><p class=\"ql-align-justify\"><strong style=\"color: rgb(0, 0, 0);\">PT4:&nbsp;</strong><span style=\"color: rgb(0, 0, 0);\">Ưu tiên xét tuyển kết quả học bạ THPT có chứng chỉ quốc tế.</span></p><p class=\"ql-align-justify\"><strong style=\"color: rgb(0, 0, 0);\">PT5:&nbsp;</strong><span style=\"color: rgb(0, 0, 0);\">Xét tuyển học bạ THPT.</span></p><p class=\"ql-align-justify\"><strong style=\"color: rgb(0, 102, 255);\">&nbsp;&nbsp;4. Nguyên tắc xét tuyển:</strong></p><p class=\"ql-align-justify\">&nbsp;<span style=\"color: rgb(0, 0, 0);\">&nbsp;&nbsp;- Điểm trúng tuyển xác định theo từng ngành; Xét từ cao xuống thấp cho đến hết chỉ tiêu.</span></p><p class=\"ql-align-justify\"><strong>&nbsp;&nbsp;</strong><strong style=\"color: rgb(0, 102, 255);\">&nbsp;</strong><strong style=\"color: rgb(255, 0, 0);\">&nbsp;4.1&nbsp;<u>Nhóm các phương thức xét tuyển theo kế hoạch chung của Bộ GD&amp;ĐT:</u></strong></p><p class=\"ql-align-justify\"><span style=\"color: rgb(0, 0, 0);\">- Theo quy định tuyển sinh hiện hành của Bộ GD&amp;ĐT và</span><em style=\"color: rgb(0, 0, 0);\">&nbsp;không sử dụng điểm thi được bảo lưu từ các kỳ thi TN THPT, THPT quốc gia các năm trước để xét tuyển</em><span style=\"color: rgb(0, 0, 0);\">.</span></p><p class=\"ql-align-justify\"><span style=\"color: rgb(0, 102, 255);\">&nbsp;</span><strong style=\"color: rgb(0, 102, 255);\">&nbsp;&nbsp;</strong><strong style=\"color: rgb(255, 0, 0);\">4.2&nbsp;<u>Nhóm các phương thức theo kế hoạch&nbsp;xét tuyển riêng của Trường, các phương thức xét tuyển được ưu tiên theo thứ tự như sau:</u></strong></p><p class=\"ql-align-justify\"><span style=\"color: rgb(0, 0, 0);\">- Được tổ chức trong cùng 1 đợt xét tuyển.</span></p><p class=\"ql-align-justify\"><strong style=\"color: rgb(0, 0, 0);\">-</strong><span style=\"color: rgb(0, 0, 0);\">&nbsp;Xét lần lượt các phương thức và điểm xét tuyển từ cao xuống thấp đến khi hết chỉ tiêu. Các phương thức được xét tuyển lần lượt theo thứ tự ưu tiên&nbsp;từ phương thức 1&nbsp;đến phương thức 5.</span></p><p class=\"ql-align-justify\"><span style=\"color: rgb(0, 0, 0);\">- Thí sinh được xét bình đẳng, không phân biệt thứ tự ưu tiên của nguyện vọng đăng ký.</span></p><p class=\"ql-align-justify\"><span style=\"color: rgb(0, 0, 0);\">- Thí sinh (căn cứ theo số CCCD) được đăng ký xét tuyển theo một phương thức duy nhất và được đăng ký tối đa 03 nguyện vọng (NV) và phải xếp theo thứ tự ưu tiên từ cao xuống thấp (NV1 là NV ưu tiên cao nhất); thí sinh chỉ có tên trúng tuyển 01 (một) NV duy nhất.</span></p><p class=\"ql-align-justify\"><strong style=\"color: rgb(0, 0, 0);\">&nbsp;&nbsp;&nbsp;►Phương thức 2 và 3:&nbsp;Ưu tiên xét tuyển học sinh Giỏi THPT (nhóm 1 và nhóm 2) có chứng chỉ Ngoại ngữ quốc tế theo quy định.</strong><strong>&nbsp;</strong><span style=\"color: rgb(0, 0, 0);\">&nbsp;</span><em style=\"color: rgb(0, 0, 0);\">Điều kiện đăng ký xét tuyển</em><span style=\"color: rgb(0, 0, 0);\">:</span></p><p class=\"ql-align-justify\"><span style=\"color: rgb(0, 0, 0);\">&nbsp;&nbsp;(1) Học sinh tốt nghiệp THPT năm 2023;</span></p><p class=\"ql-align-justify\"><span style=\"color: rgb(0, 0, 0);\">&nbsp;&nbsp;(2) Có hạnh kiểm tốt 02 năm lớp 10,&nbsp;lớp 11 và</span><span style=\"color: rgb(255, 0, 0);\">&nbsp;</span><u style=\"color: rgb(255, 0, 0);\">học kỳ 1 lớp 12</u><span style=\"color: rgb(0, 0, 0);\">;</span></p><p class=\"ql-align-justify\"><span style=\"color: rgb(0, 0, 0);\">&nbsp;&nbsp;(3) Kết quả học lực 02 năm lớp 10, lớp 11 và&nbsp;</span><u style=\"color: rgb(255, 0, 0);\">học kỳ 1 năm lớp 12</u><span style=\"color: rgb(0, 0, 0);\">&nbsp;đạt loại giỏi.</span></p><p class=\"ql-align-justify\"><span style=\"color: rgb(0, 0, 0);\">&nbsp;&nbsp;(4) Ngưỡng đảm bảo chất lượng đầu vào:</span></p><p class=\"ql-align-justify\"><span style=\"color: rgb(0, 0, 0);\">&nbsp;&nbsp;&nbsp;&nbsp;+ Học sinh Giỏi nhóm 1: Tổng 3 môn trong tổ hợp xét tuyển, không nhân hệ số, không cộng điểm ưu tiên: từ 20,0 điểm.</span></p><p><span style=\"color: rgb(0, 0, 0);\">&nbsp;&nbsp;&nbsp;&nbsp;+ Học sinh Giỏi nhóm 2: Tổng 3 môn trong tổ hợp xét tuyển, không nhân hệ số, không cộng điểm ưu tiên: từ 22,0 điểm trở lên và điểm trung bình chung các môn xét tuyển từ 7,0 trở lên.</span></p><p class=\"ql-align-justify\"><span style=\"color: rgb(0, 0, 0);\">&nbsp;&nbsp;(5) Đối với Phương thức 2: Có chứng chỉ ngoại ngữ quốc tế trong thời hạn 02 năm:</span></p><p class=\"ql-align-justify\"><span style=\"color: rgb(0, 0, 0);\">&nbsp;&nbsp;&nbsp;+ Các ngành Ngôn ngữ:&nbsp;</span><strong style=\"color: rgb(0, 0, 0);\">IELTS đạt 6.0</strong><span style=\"color: rgb(0, 0, 0);\">&nbsp;(</span><em style=\"color: rgb(255, 0, 0);\">hoặc các chứng chỉ khác tương đương – Tham khảo PL2</em><span style=\"color: rgb(0, 0, 0);\">).</span></p><p class=\"ql-align-justify\"><span style=\"color: rgb(0, 0, 0);\">&nbsp;&nbsp;&nbsp;+ Các ngành còn lại:&nbsp;</span><strong style=\"color: rgb(0, 0, 0);\">IELTS đạt 5.5&nbsp;</strong><span style=\"color: rgb(0, 0, 0);\">(</span><em style=\"color: rgb(255, 0, 0);\">hoặc các chứng chỉ khác tương đương – Tham khảo PL2</em><span style=\"color: rgb(0, 0, 0);\">)</span><strong style=\"color: rgb(0, 0, 0);\">.</strong></p><p class=\"ql-align-justify\"><strong style=\"color: rgb(0, 0, 0);\">&nbsp;►Phương thức 4: Ưu tiên xét tuyển&nbsp;kết quả học bạ THPT có chứng chỉ quốc tế</strong></p><p class=\"ql-align-justify\"><em>&nbsp;&nbsp;</em><em style=\"color: rgb(0, 0, 0);\">- Điều kiện đăng ký:&nbsp;</em><span style=\"color: rgb(0, 0, 0);\">thí sinh thỏa mãn cùng lúc 02 điều kiện:</span></p><p class=\"ql-align-justify\"><span style=\"color: rgb(0, 0, 0);\">&nbsp;(1) Thí sinh thỏa mãn các điều kiện của Phương thức 5;</span></p><p class=\"ql-align-justify\"><span style=\"color: rgb(0, 0, 0);\">&nbsp;(2) Có chứng chỉ ngoại ngữ quốc tế trong thời hạn 02 năm:</span></p><p class=\"ql-align-justify\"><span style=\"color: rgb(0, 0, 0);\">&nbsp;+ Các ngành Ngôn ngữ:&nbsp;</span><strong style=\"color: rgb(0, 0, 0);\">IELTS đạt 6.0</strong><span style=\"color: rgb(0, 0, 0);\">&nbsp;(</span><em style=\"color: rgb(255, 0, 0);\">hoặc các chứng chỉ khác tương đương – Tham khảo PL2</em><span style=\"color: rgb(0, 0, 0);\">).</span></p><p class=\"ql-align-justify\"><span style=\"color: rgb(0, 0, 0);\">&nbsp;+ Các ngành còn lại:&nbsp;</span><strong style=\"color: rgb(0, 0, 0);\">IELTS đạt 5.5&nbsp;</strong><span style=\"color: rgb(0, 0, 0);\">(</span><em style=\"color: rgb(255, 0, 0);\">hoặc các chứng chỉ khác tương đương – Tham khảo PL2</em><span style=\"color: rgb(0, 0, 0);\">)</span><strong style=\"color: rgb(0, 0, 0);\">.</strong></p><p class=\"ql-align-justify\"><strong style=\"color: rgb(0, 0, 0);\">►Phương thức 5: Xét tuyển theo kết quả học tập THPT:</strong></p><p class=\"ql-align-justify\"><em style=\"color: rgb(0, 0, 0);\">- Điều kiện đăng ký hồ sơ:</em><span style=\"color: rgb(0, 0, 0);\">&nbsp;Tổng Điểm trung bình môn học các môn trong tổ hợp xét tuyển (Điểm Đăng ký xét tuyển - không bao gồm điểm ưu tiên) phải đạt từ&nbsp;</span><strong style=\"color: rgb(0, 0, 0);\">18,00&nbsp;</strong><span style=\"color: rgb(0, 0, 0);\">điểm trở lên đối với các ngành Công nghệ sinh học (đại trà và chất lượng cao), Công tác xã hội, Xã hội học, Đông Nam Á học. Các ngành còn lại từ&nbsp;</span><strong style=\"color: rgb(0, 0, 0);\">20,00&nbsp;</strong><span style=\"color: rgb(0, 0, 0);\">điểm trở lên.</span></p><p><span style=\"color: rgb(0, 0, 0);\">- Điểm Đăng ký xét tuyển (ĐĐKXT) phương thức 2, 3, 4 và&nbsp;5&nbsp;được xác định như sau:</span></p>','https://res.cloudinary.com/de3yhowd4/image/upload/v1694322600/bwogzl3ilxagd1t73kyy.jpg','2023-09-10 12:09:59',26,14,3),(98,'THÔNG TIN TUYỂN SINH TRƯỜNG ĐẠI HỌC MỞ ','<p class=\"ql-align-center\"><strong style=\"color: rgb(192, 57, 43);\">Thông tin tuyển sinh Đại học chính quy năm 2023&nbsp;</strong></p><p class=\"ql-align-justify\"><span style=\"color: rgb(0, 0, 0);\">Trường Đại học Mở Tp.HCM thông báo phương án tuyển sinh đại học chính quy năm 2023&nbsp;(dự kiến) của Trường như sau:</span></p><h3 class=\"ql-align-justify\"><span style=\"color: rgb(0, 0, 0);\">Chỉ tiêu dự kiến:&nbsp;</span><strong style=\"color: rgb(192, 57, 43);\">5.000</strong></h3><p class=\"ql-align-justify\"><span style=\"color: rgb(0, 0, 0);\">Mã trường: MBS</span></p><p class=\"ql-align-justify\"><strong style=\"color: rgb(0, 102, 255);\">&nbsp;&nbsp;&nbsp;1. Đối tượng tuyển sinh:</strong></p><p class=\"ql-align-justify\">&nbsp;&nbsp;&nbsp;&nbsp;&nbsp;&nbsp;&nbsp;&nbsp;&nbsp;&nbsp;<span style=\"color: rgb(0, 0, 0);\">-&nbsp;Thí sinh đã tốt nghiệp chương trình THPT của Việt Nam (hình thức giáo dục chính quy hoặc giáo dục thường xuyên) hoặc đã tốt nghiệp trình độ trung cấp (trong đó, người tốt nghiệp trình độ trung cấp nhưng chưa có bằng tốt nghiệp THPT phải học và thi đạt yêu cầu đủ khối lượng kiến thức văn hóa THPT theo quy định của Luật Giáo dục và các văn bản hướng dẫn thi hành) hoặc đã tốt nghiệp chương trình THPT của nước ngoài (đã được nước sở tại cho phép thực hiện, đạt trình độ tương đương trình độ THPT của Việt Nam) ở nước ngoài hoặc ở Việt Nam (sau đây gọi chung là tốt nghiệp THPT).</span></p><p class=\"ql-align-justify\"><span style=\"color: rgb(0, 0, 0);\">&nbsp;&nbsp;&nbsp;&nbsp;&nbsp;&nbsp;&nbsp;&nbsp;&nbsp;- Có đủ sức khoẻ để học tập theo quy định hiện hành. Đối với người khuyết tật được cấp có thẩm quyền công nhận bị dị dạng, dị tật, suy giảm khả năng tự lực trong sinh hoạt và học tập thì Hiệu trưởng xem xét, quyết định cho dự tuyển vào các ngành học phù hợp với tình trạng sức khoẻ.</span></p><p>&nbsp;&nbsp;&nbsp;&nbsp;<strong style=\"color: rgb(0, 102, 255);\">2. Phạm vi tuyển sinh:</strong></p><p><span style=\"color: rgb(0, 0, 0);\">Trường Đại học Mở Tp.HCM tuyển sinh trên cả nước và quốc tế.</span></p><p class=\"ql-align-justify\">&nbsp;&nbsp;&nbsp;&nbsp;<strong style=\"color: rgb(0, 102, 255);\">3. Phương thức xét tuyển:</strong></p><ul><li class=\"ql-align-justify\"><strong style=\"color: rgb(0, 0, 0);\"><u>Nhóm các phương thức xét tuyển theo kế hoạch chung của Bộ GD&amp;ĐT:</u></strong></li></ul><p class=\"ql-align-justify\"><strong style=\"color: rgb(0, 0, 0);\">PT1:</strong><span style=\"color: rgb(0, 0, 0);\">&nbsp;Xét tuyển thẳng, ưu tiên xét tuyển theo Quy chế tuyển sinh của Trường và Bộ GD&amp;ĐT.</span></p><p class=\"ql-align-justify\"><strong style=\"color: rgb(0, 0, 0);\">PT2:</strong><span style=\"color: rgb(0, 0, 0);\">&nbsp;Xét tuyển theo Kết quả thi tốt nghiệp THPT.</span></p><ul><li class=\"ql-align-justify\"><strong style=\"color: rgb(0, 0, 0);\"><u>Nhóm các phương thức theo kế hoạch&nbsp;xét tuyển riêng của Trường, các phương thức xét tuyển được ưu tiên theo thứ tự như sau:</u></strong></li></ul><p class=\"ql-align-justify\"><strong style=\"color: rgb(0, 0, 0);\">PT1:</strong><span style=\"color: rgb(0, 0, 0);\">&nbsp;Ưu tiên xét tuyển đối với thí sinh có:</span></p><p class=\"ql-align-justify\"><span style=\"color: rgb(0, 0, 0);\">+ Bằng tú tài quốc tế (IB) điểm từ 26;</span></p><p class=\"ql-align-justify\"><span style=\"color: rgb(0, 0, 0);\">+ Chứng chỉ quốc tế A-Level của Trung tâm khảo thí ĐH Cambridge (Anh) theo điểm 3 môn thi (trở lên) đảm bảo mức điểm mỗi môn thi đạt từ C trở lên.</span></p><p class=\"ql-align-justify\"><span style=\"color: rgb(0, 0, 0);\">+ Kết quả trong kỳ thi chuẩn hóa SAT (Scholastic Assessment Test, Hoa kỳ) đạt điểm từ 1100/1600.</span></p><p class=\"ql-align-justify\"><strong style=\"color: rgb(0, 0, 0);\">PT2:&nbsp;</strong><span style=\"color: rgb(0, 0, 0);\">Ưu tiên xét tuyển học sinh Giỏi THPT (nhóm 1 và nhóm 2) có chứng chỉ Ngoại ngữ quốc tế theo quy định.</span></p><p class=\"ql-align-justify\"><strong style=\"color: rgb(0, 0, 0);\">PT3:&nbsp;</strong><span style=\"color: rgb(0, 0, 0);\">Ưu tiên xét tuyển học sinh Giỏi THPT (nhóm 1 và nhóm 2).</span></p><p class=\"ql-align-justify\"><strong style=\"color: rgb(0, 0, 0);\">PT4:&nbsp;</strong><span style=\"color: rgb(0, 0, 0);\">Ưu tiên xét tuyển kết quả học bạ THPT có chứng chỉ quốc tế.</span></p><p class=\"ql-align-justify\"><strong style=\"color: rgb(0, 0, 0);\">PT5:&nbsp;</strong><span style=\"color: rgb(0, 0, 0);\">Xét tuyển học bạ THPT.</span></p><p class=\"ql-align-justify\"><strong style=\"color: rgb(0, 102, 255);\">&nbsp;&nbsp;4. Nguyên tắc xét tuyển:</strong></p><p class=\"ql-align-justify\">&nbsp;<span style=\"color: rgb(0, 0, 0);\">&nbsp;&nbsp;- Điểm trúng tuyển xác định theo từng ngành; Xét từ cao xuống thấp cho đến hết chỉ tiêu.</span></p><p class=\"ql-align-justify\"><strong>&nbsp;&nbsp;</strong><strong style=\"color: rgb(0, 102, 255);\">&nbsp;</strong><strong style=\"color: rgb(255, 0, 0);\">&nbsp;4.1&nbsp;<u>Nhóm các phương thức xét tuyển theo kế hoạch chung của Bộ GD&amp;ĐT:</u></strong></p><p class=\"ql-align-justify\"><span style=\"color: rgb(0, 0, 0);\">- Theo quy định tuyển sinh hiện hành của Bộ GD&amp;ĐT và</span><em style=\"color: rgb(0, 0, 0);\">&nbsp;không sử dụng điểm thi được bảo lưu từ các kỳ thi TN THPT, THPT quốc gia các năm trước để xét tuyển</em><span style=\"color: rgb(0, 0, 0);\">.</span></p><p class=\"ql-align-justify\"><span style=\"color: rgb(0, 102, 255);\">&nbsp;</span><strong style=\"color: rgb(0, 102, 255);\">&nbsp;&nbsp;</strong><strong style=\"color: rgb(255, 0, 0);\">4.2&nbsp;<u>Nhóm các phương thức theo kế hoạch&nbsp;xét tuyển riêng của Trường, các phương thức xét tuyển được ưu tiên theo thứ tự như sau:</u></strong></p><p class=\"ql-align-justify\"><span style=\"color: rgb(0, 0, 0);\">- Được tổ chức trong cùng 1 đợt xét tuyển.</span></p><p class=\"ql-align-justify\"><strong style=\"color: rgb(0, 0, 0);\">-</strong><span style=\"color: rgb(0, 0, 0);\">&nbsp;Xét lần lượt các phương thức và điểm xét tuyển từ cao xuống thấp đến khi hết chỉ tiêu. Các phương thức được xét tuyển lần lượt theo thứ tự ưu tiên&nbsp;từ phương thức 1&nbsp;đến phương thức 5.</span></p><p class=\"ql-align-justify\"><span style=\"color: rgb(0, 0, 0);\">- Thí sinh được xét bình đẳng, không phân biệt thứ tự ưu tiên của nguyện vọng đăng ký.</span></p><p class=\"ql-align-justify\"><span style=\"color: rgb(0, 0, 0);\">- Thí sinh (căn cứ theo số CCCD) được đăng ký xét tuyển theo một phương thức duy nhất và được đăng ký tối đa 03 nguyện vọng (NV) và phải xếp theo thứ tự ưu tiên từ cao xuống thấp (NV1 là NV ưu tiên cao nhất); thí sinh chỉ có tên trúng tuyển 01 (một) NV duy nhất.</span></p><p class=\"ql-align-justify\"><strong style=\"color: rgb(0, 0, 0);\">&nbsp;&nbsp;&nbsp;►Phương thức 2 và 3:&nbsp;Ưu tiên xét tuyển học sinh Giỏi THPT (nhóm 1 và nhóm 2) có chứng chỉ Ngoại ngữ quốc tế theo quy định.</strong><strong>&nbsp;</strong><span style=\"color: rgb(0, 0, 0);\">&nbsp;</span><em style=\"color: rgb(0, 0, 0);\">Điều kiện đăng ký xét tuyển</em><span style=\"color: rgb(0, 0, 0);\">:</span></p><p class=\"ql-align-justify\"><span style=\"color: rgb(0, 0, 0);\">&nbsp;&nbsp;(1) Học sinh tốt nghiệp THPT năm 2023;</span></p><p class=\"ql-align-justify\"><span style=\"color: rgb(0, 0, 0);\">&nbsp;&nbsp;(2) Có hạnh kiểm tốt 02 năm lớp 10,&nbsp;lớp 11 và</span><span style=\"color: rgb(255, 0, 0);\">&nbsp;</span><u style=\"color: rgb(255, 0, 0);\">học kỳ 1 lớp 12</u><span style=\"color: rgb(0, 0, 0);\">;</span></p><p class=\"ql-align-justify\"><span style=\"color: rgb(0, 0, 0);\">&nbsp;&nbsp;(3) Kết quả học lực 02 năm lớp 10, lớp 11 và&nbsp;</span><u style=\"color: rgb(255, 0, 0);\">học kỳ 1 năm lớp 12</u><span style=\"color: rgb(0, 0, 0);\">&nbsp;đạt loại giỏi.</span></p><p class=\"ql-align-justify\"><span style=\"color: rgb(0, 0, 0);\">&nbsp;&nbsp;(4) Ngưỡng đảm bảo chất lượng đầu vào:</span></p><p class=\"ql-align-justify\"><span style=\"color: rgb(0, 0, 0);\">&nbsp;&nbsp;&nbsp;&nbsp;+ Học sinh Giỏi nhóm 1: Tổng 3 môn trong tổ hợp xét tuyển, không nhân hệ số, không cộng điểm ưu tiên: từ 20,0 điểm.</span></p><p><span style=\"color: rgb(0, 0, 0);\">&nbsp;&nbsp;&nbsp;&nbsp;+ Học sinh Giỏi nhóm 2: Tổng 3 môn trong tổ hợp xét tuyển, không nhân hệ số, không cộng điểm ưu tiên: từ 22,0 điểm trở lên và điểm trung bình chung các môn xét tuyển từ 7,0 trở lên.</span></p><p class=\"ql-align-justify\"><span style=\"color: rgb(0, 0, 0);\">&nbsp;&nbsp;(5) Đối với Phương thức 2: Có chứng chỉ ngoại ngữ quốc tế trong thời hạn 02 năm:</span></p><p class=\"ql-align-justify\"><span style=\"color: rgb(0, 0, 0);\">&nbsp;&nbsp;&nbsp;+ Các ngành Ngôn ngữ:&nbsp;</span><strong style=\"color: rgb(0, 0, 0);\">IELTS đạt 6.0</strong><span style=\"color: rgb(0, 0, 0);\">&nbsp;(</span><em style=\"color: rgb(255, 0, 0);\">hoặc các chứng chỉ khác tương đương – Tham khảo PL2</em><span style=\"color: rgb(0, 0, 0);\">).</span></p><p class=\"ql-align-justify\"><span style=\"color: rgb(0, 0, 0);\">&nbsp;&nbsp;&nbsp;+ Các ngành còn lại:&nbsp;</span><strong style=\"color: rgb(0, 0, 0);\">IELTS đạt 5.5&nbsp;</strong><span style=\"color: rgb(0, 0, 0);\">(</span><em style=\"color: rgb(255, 0, 0);\">hoặc các chứng chỉ khác tương đương – Tham khảo PL2</em><span style=\"color: rgb(0, 0, 0);\">)</span><strong style=\"color: rgb(0, 0, 0);\">.</strong></p><p class=\"ql-align-justify\"><strong style=\"color: rgb(0, 0, 0);\">&nbsp;►Phương thức 4: Ưu tiên xét tuyển&nbsp;kết quả học bạ THPT có chứng chỉ quốc tế</strong></p><p class=\"ql-align-justify\"><em>&nbsp;&nbsp;</em><em style=\"color: rgb(0, 0, 0);\">- Điều kiện đăng ký:&nbsp;</em><span style=\"color: rgb(0, 0, 0);\">thí sinh thỏa mãn cùng lúc 02 điều kiện:</span></p><p class=\"ql-align-justify\"><span style=\"color: rgb(0, 0, 0);\">&nbsp;(1) Thí sinh thỏa mãn các điều kiện của Phương thức 5;</span></p><p class=\"ql-align-justify\"><span style=\"color: rgb(0, 0, 0);\">&nbsp;(2) Có chứng chỉ ngoại ngữ quốc tế trong thời hạn 02 năm:</span></p><p class=\"ql-align-justify\"><span style=\"color: rgb(0, 0, 0);\">&nbsp;+ Các ngành Ngôn ngữ:&nbsp;</span><strong style=\"color: rgb(0, 0, 0);\">IELTS đạt 6.0</strong><span style=\"color: rgb(0, 0, 0);\">&nbsp;(</span><em style=\"color: rgb(255, 0, 0);\">hoặc các chứng chỉ khác tương đương – Tham khảo PL2</em><span style=\"color: rgb(0, 0, 0);\">).</span></p><p class=\"ql-align-justify\"><span style=\"color: rgb(0, 0, 0);\">&nbsp;+ Các ngành còn lại:&nbsp;</span><strong style=\"color: rgb(0, 0, 0);\">IELTS đạt 5.5&nbsp;</strong><span style=\"color: rgb(0, 0, 0);\">(</span><em style=\"color: rgb(255, 0, 0);\">hoặc các chứng chỉ khác tương đương – Tham khảo PL2</em><span style=\"color: rgb(0, 0, 0);\">)</span><strong style=\"color: rgb(0, 0, 0);\">.</strong></p><p class=\"ql-align-justify\"><strong style=\"color: rgb(0, 0, 0);\">►Phương thức 5: Xét tuyển theo kết quả học tập THPT:</strong></p><p class=\"ql-align-justify\"><em style=\"color: rgb(0, 0, 0);\">- Điều kiện đăng ký hồ sơ:</em><span style=\"color: rgb(0, 0, 0);\">&nbsp;Tổng Điểm trung bình môn học các môn trong tổ hợp xét tuyển (Điểm Đăng ký xét tuyển - không bao gồm điểm ưu tiên) phải đạt từ&nbsp;</span><strong style=\"color: rgb(0, 0, 0);\">18,00&nbsp;</strong><span style=\"color: rgb(0, 0, 0);\">điểm trở lên đối với các ngành Công nghệ sinh học (đại trà và chất lượng cao), Công tác xã hội, Xã hội học, Đông Nam Á học. Các ngành còn lại từ&nbsp;</span><strong style=\"color: rgb(0, 0, 0);\">20,00&nbsp;</strong><span style=\"color: rgb(0, 0, 0);\">điểm trở lên.</span></p><p><span style=\"color: rgb(0, 0, 0);\">- Điểm Đăng ký xét tuyển (ĐĐKXT) phương thức 2, 3, 4 và&nbsp;5&nbsp;được xác định như sau:</span></p>','https://res.cloudinary.com/de3yhowd4/image/upload/v1694322609/imkkbsovjdvhiuoaofdk.jpg','2023-09-10 12:10:08',26,14,3),(99,'THÔNG TIN TUYỂN SINH TRƯỜNG ĐẠI HỌC MỞ ','<p class=\"ql-align-center\"><strong style=\"color: rgb(192, 57, 43);\">Thông tin tuyển sinh Đại học chính quy năm 2023&nbsp;</strong></p><p class=\"ql-align-justify\"><span style=\"color: rgb(0, 0, 0);\">Trường Đại học Mở Tp.HCM thông báo phương án tuyển sinh đại học chính quy năm 2023&nbsp;(dự kiến) của Trường như sau:</span></p><h3 class=\"ql-align-justify\"><span style=\"color: rgb(0, 0, 0);\">Chỉ tiêu dự kiến:&nbsp;</span><strong style=\"color: rgb(192, 57, 43);\">5.000</strong></h3><p class=\"ql-align-justify\"><span style=\"color: rgb(0, 0, 0);\">Mã trường: MBS</span></p><p class=\"ql-align-justify\"><strong style=\"color: rgb(0, 102, 255);\">&nbsp;&nbsp;&nbsp;1. Đối tượng tuyển sinh:</strong></p><p class=\"ql-align-justify\">&nbsp;&nbsp;&nbsp;&nbsp;&nbsp;&nbsp;&nbsp;&nbsp;&nbsp;&nbsp;<span style=\"color: rgb(0, 0, 0);\">-&nbsp;Thí sinh đã tốt nghiệp chương trình THPT của Việt Nam (hình thức giáo dục chính quy hoặc giáo dục thường xuyên) hoặc đã tốt nghiệp trình độ trung cấp (trong đó, người tốt nghiệp trình độ trung cấp nhưng chưa có bằng tốt nghiệp THPT phải học và thi đạt yêu cầu đủ khối lượng kiến thức văn hóa THPT theo quy định của Luật Giáo dục và các văn bản hướng dẫn thi hành) hoặc đã tốt nghiệp chương trình THPT của nước ngoài (đã được nước sở tại cho phép thực hiện, đạt trình độ tương đương trình độ THPT của Việt Nam) ở nước ngoài hoặc ở Việt Nam (sau đây gọi chung là tốt nghiệp THPT).</span></p><p class=\"ql-align-justify\"><span style=\"color: rgb(0, 0, 0);\">&nbsp;&nbsp;&nbsp;&nbsp;&nbsp;&nbsp;&nbsp;&nbsp;&nbsp;- Có đủ sức khoẻ để học tập theo quy định hiện hành. Đối với người khuyết tật được cấp có thẩm quyền công nhận bị dị dạng, dị tật, suy giảm khả năng tự lực trong sinh hoạt và học tập thì Hiệu trưởng xem xét, quyết định cho dự tuyển vào các ngành học phù hợp với tình trạng sức khoẻ.</span></p><p>&nbsp;&nbsp;&nbsp;&nbsp;<strong style=\"color: rgb(0, 102, 255);\">2. Phạm vi tuyển sinh:</strong></p><p><span style=\"color: rgb(0, 0, 0);\">Trường Đại học Mở Tp.HCM tuyển sinh trên cả nước và quốc tế.</span></p><p class=\"ql-align-justify\">&nbsp;&nbsp;&nbsp;&nbsp;<strong style=\"color: rgb(0, 102, 255);\">3. Phương thức xét tuyển:</strong></p><ul><li class=\"ql-align-justify\"><strong style=\"color: rgb(0, 0, 0);\"><u>Nhóm các phương thức xét tuyển theo kế hoạch chung của Bộ GD&amp;ĐT:</u></strong></li></ul><p class=\"ql-align-justify\"><strong style=\"color: rgb(0, 0, 0);\">PT1:</strong><span style=\"color: rgb(0, 0, 0);\">&nbsp;Xét tuyển thẳng, ưu tiên xét tuyển theo Quy chế tuyển sinh của Trường và Bộ GD&amp;ĐT.</span></p><p class=\"ql-align-justify\"><strong style=\"color: rgb(0, 0, 0);\">PT2:</strong><span style=\"color: rgb(0, 0, 0);\">&nbsp;Xét tuyển theo Kết quả thi tốt nghiệp THPT.</span></p><ul><li class=\"ql-align-justify\"><strong style=\"color: rgb(0, 0, 0);\"><u>Nhóm các phương thức theo kế hoạch&nbsp;xét tuyển riêng của Trường, các phương thức xét tuyển được ưu tiên theo thứ tự như sau:</u></strong></li></ul><p class=\"ql-align-justify\"><strong style=\"color: rgb(0, 0, 0);\">PT1:</strong><span style=\"color: rgb(0, 0, 0);\">&nbsp;Ưu tiên xét tuyển đối với thí sinh có:</span></p><p class=\"ql-align-justify\"><span style=\"color: rgb(0, 0, 0);\">+ Bằng tú tài quốc tế (IB) điểm từ 26;</span></p><p class=\"ql-align-justify\"><span style=\"color: rgb(0, 0, 0);\">+ Chứng chỉ quốc tế A-Level của Trung tâm khảo thí ĐH Cambridge (Anh) theo điểm 3 môn thi (trở lên) đảm bảo mức điểm mỗi môn thi đạt từ C trở lên.</span></p><p class=\"ql-align-justify\"><span style=\"color: rgb(0, 0, 0);\">+ Kết quả trong kỳ thi chuẩn hóa SAT (Scholastic Assessment Test, Hoa kỳ) đạt điểm từ 1100/1600.</span></p><p class=\"ql-align-justify\"><strong style=\"color: rgb(0, 0, 0);\">PT2:&nbsp;</strong><span style=\"color: rgb(0, 0, 0);\">Ưu tiên xét tuyển học sinh Giỏi THPT (nhóm 1 và nhóm 2) có chứng chỉ Ngoại ngữ quốc tế theo quy định.</span></p><p class=\"ql-align-justify\"><strong style=\"color: rgb(0, 0, 0);\">PT3:&nbsp;</strong><span style=\"color: rgb(0, 0, 0);\">Ưu tiên xét tuyển học sinh Giỏi THPT (nhóm 1 và nhóm 2).</span></p><p class=\"ql-align-justify\"><strong style=\"color: rgb(0, 0, 0);\">PT4:&nbsp;</strong><span style=\"color: rgb(0, 0, 0);\">Ưu tiên xét tuyển kết quả học bạ THPT có chứng chỉ quốc tế.</span></p><p class=\"ql-align-justify\"><strong style=\"color: rgb(0, 0, 0);\">PT5:&nbsp;</strong><span style=\"color: rgb(0, 0, 0);\">Xét tuyển học bạ THPT.</span></p><p class=\"ql-align-justify\"><strong style=\"color: rgb(0, 102, 255);\">&nbsp;&nbsp;4. Nguyên tắc xét tuyển:</strong></p><p class=\"ql-align-justify\">&nbsp;<span style=\"color: rgb(0, 0, 0);\">&nbsp;&nbsp;- Điểm trúng tuyển xác định theo từng ngành; Xét từ cao xuống thấp cho đến hết chỉ tiêu.</span></p><p class=\"ql-align-justify\"><strong>&nbsp;&nbsp;</strong><strong style=\"color: rgb(0, 102, 255);\">&nbsp;</strong><strong style=\"color: rgb(255, 0, 0);\">&nbsp;4.1&nbsp;<u>Nhóm các phương thức xét tuyển theo kế hoạch chung của Bộ GD&amp;ĐT:</u></strong></p><p class=\"ql-align-justify\"><span style=\"color: rgb(0, 0, 0);\">- Theo quy định tuyển sinh hiện hành của Bộ GD&amp;ĐT và</span><em style=\"color: rgb(0, 0, 0);\">&nbsp;không sử dụng điểm thi được bảo lưu từ các kỳ thi TN THPT, THPT quốc gia các năm trước để xét tuyển</em><span style=\"color: rgb(0, 0, 0);\">.</span></p><p class=\"ql-align-justify\"><span style=\"color: rgb(0, 102, 255);\">&nbsp;</span><strong style=\"color: rgb(0, 102, 255);\">&nbsp;&nbsp;</strong><strong style=\"color: rgb(255, 0, 0);\">4.2&nbsp;<u>Nhóm các phương thức theo kế hoạch&nbsp;xét tuyển riêng của Trường, các phương thức xét tuyển được ưu tiên theo thứ tự như sau:</u></strong></p><p class=\"ql-align-justify\"><span style=\"color: rgb(0, 0, 0);\">- Được tổ chức trong cùng 1 đợt xét tuyển.</span></p><p class=\"ql-align-justify\"><strong style=\"color: rgb(0, 0, 0);\">-</strong><span style=\"color: rgb(0, 0, 0);\">&nbsp;Xét lần lượt các phương thức và điểm xét tuyển từ cao xuống thấp đến khi hết chỉ tiêu. Các phương thức được xét tuyển lần lượt theo thứ tự ưu tiên&nbsp;từ phương thức 1&nbsp;đến phương thức 5.</span></p><p class=\"ql-align-justify\"><span style=\"color: rgb(0, 0, 0);\">- Thí sinh được xét bình đẳng, không phân biệt thứ tự ưu tiên của nguyện vọng đăng ký.</span></p><p class=\"ql-align-justify\"><span style=\"color: rgb(0, 0, 0);\">- Thí sinh (căn cứ theo số CCCD) được đăng ký xét tuyển theo một phương thức duy nhất và được đăng ký tối đa 03 nguyện vọng (NV) và phải xếp theo thứ tự ưu tiên từ cao xuống thấp (NV1 là NV ưu tiên cao nhất); thí sinh chỉ có tên trúng tuyển 01 (một) NV duy nhất.</span></p><p class=\"ql-align-justify\"><strong style=\"color: rgb(0, 0, 0);\">&nbsp;&nbsp;&nbsp;►Phương thức 2 và 3:&nbsp;Ưu tiên xét tuyển học sinh Giỏi THPT (nhóm 1 và nhóm 2) có chứng chỉ Ngoại ngữ quốc tế theo quy định.</strong><strong>&nbsp;</strong><span style=\"color: rgb(0, 0, 0);\">&nbsp;</span><em style=\"color: rgb(0, 0, 0);\">Điều kiện đăng ký xét tuyển</em><span style=\"color: rgb(0, 0, 0);\">:</span></p><p class=\"ql-align-justify\"><span style=\"color: rgb(0, 0, 0);\">&nbsp;&nbsp;(1) Học sinh tốt nghiệp THPT năm 2023;</span></p><p class=\"ql-align-justify\"><span style=\"color: rgb(0, 0, 0);\">&nbsp;&nbsp;(2) Có hạnh kiểm tốt 02 năm lớp 10,&nbsp;lớp 11 và</span><span style=\"color: rgb(255, 0, 0);\">&nbsp;</span><u style=\"color: rgb(255, 0, 0);\">học kỳ 1 lớp 12</u><span style=\"color: rgb(0, 0, 0);\">;</span></p><p class=\"ql-align-justify\"><span style=\"color: rgb(0, 0, 0);\">&nbsp;&nbsp;(3) Kết quả học lực 02 năm lớp 10, lớp 11 và&nbsp;</span><u style=\"color: rgb(255, 0, 0);\">học kỳ 1 năm lớp 12</u><span style=\"color: rgb(0, 0, 0);\">&nbsp;đạt loại giỏi.</span></p><p class=\"ql-align-justify\"><span style=\"color: rgb(0, 0, 0);\">&nbsp;&nbsp;(4) Ngưỡng đảm bảo chất lượng đầu vào:</span></p><p class=\"ql-align-justify\"><span style=\"color: rgb(0, 0, 0);\">&nbsp;&nbsp;&nbsp;&nbsp;+ Học sinh Giỏi nhóm 1: Tổng 3 môn trong tổ hợp xét tuyển, không nhân hệ số, không cộng điểm ưu tiên: từ 20,0 điểm.</span></p><p><span style=\"color: rgb(0, 0, 0);\">&nbsp;&nbsp;&nbsp;&nbsp;+ Học sinh Giỏi nhóm 2: Tổng 3 môn trong tổ hợp xét tuyển, không nhân hệ số, không cộng điểm ưu tiên: từ 22,0 điểm trở lên và điểm trung bình chung các môn xét tuyển từ 7,0 trở lên.</span></p><p class=\"ql-align-justify\"><span style=\"color: rgb(0, 0, 0);\">&nbsp;&nbsp;(5) Đối với Phương thức 2: Có chứng chỉ ngoại ngữ quốc tế trong thời hạn 02 năm:</span></p><p class=\"ql-align-justify\"><span style=\"color: rgb(0, 0, 0);\">&nbsp;&nbsp;&nbsp;+ Các ngành Ngôn ngữ:&nbsp;</span><strong style=\"color: rgb(0, 0, 0);\">IELTS đạt 6.0</strong><span style=\"color: rgb(0, 0, 0);\">&nbsp;(</span><em style=\"color: rgb(255, 0, 0);\">hoặc các chứng chỉ khác tương đương – Tham khảo PL2</em><span style=\"color: rgb(0, 0, 0);\">).</span></p><p class=\"ql-align-justify\"><span style=\"color: rgb(0, 0, 0);\">&nbsp;&nbsp;&nbsp;+ Các ngành còn lại:&nbsp;</span><strong style=\"color: rgb(0, 0, 0);\">IELTS đạt 5.5&nbsp;</strong><span style=\"color: rgb(0, 0, 0);\">(</span><em style=\"color: rgb(255, 0, 0);\">hoặc các chứng chỉ khác tương đương – Tham khảo PL2</em><span style=\"color: rgb(0, 0, 0);\">)</span><strong style=\"color: rgb(0, 0, 0);\">.</strong></p><p class=\"ql-align-justify\"><strong style=\"color: rgb(0, 0, 0);\">&nbsp;►Phương thức 4: Ưu tiên xét tuyển&nbsp;kết quả học bạ THPT có chứng chỉ quốc tế</strong></p><p class=\"ql-align-justify\"><em>&nbsp;&nbsp;</em><em style=\"color: rgb(0, 0, 0);\">- Điều kiện đăng ký:&nbsp;</em><span style=\"color: rgb(0, 0, 0);\">thí sinh thỏa mãn cùng lúc 02 điều kiện:</span></p><p class=\"ql-align-justify\"><span style=\"color: rgb(0, 0, 0);\">&nbsp;(1) Thí sinh thỏa mãn các điều kiện của Phương thức 5;</span></p><p class=\"ql-align-justify\"><span style=\"color: rgb(0, 0, 0);\">&nbsp;(2) Có chứng chỉ ngoại ngữ quốc tế trong thời hạn 02 năm:</span></p><p class=\"ql-align-justify\"><span style=\"color: rgb(0, 0, 0);\">&nbsp;+ Các ngành Ngôn ngữ:&nbsp;</span><strong style=\"color: rgb(0, 0, 0);\">IELTS đạt 6.0</strong><span style=\"color: rgb(0, 0, 0);\">&nbsp;(</span><em style=\"color: rgb(255, 0, 0);\">hoặc các chứng chỉ khác tương đương – Tham khảo PL2</em><span style=\"color: rgb(0, 0, 0);\">).</span></p><p class=\"ql-align-justify\"><span style=\"color: rgb(0, 0, 0);\">&nbsp;+ Các ngành còn lại:&nbsp;</span><strong style=\"color: rgb(0, 0, 0);\">IELTS đạt 5.5&nbsp;</strong><span style=\"color: rgb(0, 0, 0);\">(</span><em style=\"color: rgb(255, 0, 0);\">hoặc các chứng chỉ khác tương đương – Tham khảo PL2</em><span style=\"color: rgb(0, 0, 0);\">)</span><strong style=\"color: rgb(0, 0, 0);\">.</strong></p><p class=\"ql-align-justify\"><strong style=\"color: rgb(0, 0, 0);\">►Phương thức 5: Xét tuyển theo kết quả học tập THPT:</strong></p><p class=\"ql-align-justify\"><em style=\"color: rgb(0, 0, 0);\">- Điều kiện đăng ký hồ sơ:</em><span style=\"color: rgb(0, 0, 0);\">&nbsp;Tổng Điểm trung bình môn học các môn trong tổ hợp xét tuyển (Điểm Đăng ký xét tuyển - không bao gồm điểm ưu tiên) phải đạt từ&nbsp;</span><strong style=\"color: rgb(0, 0, 0);\">18,00&nbsp;</strong><span style=\"color: rgb(0, 0, 0);\">điểm trở lên đối với các ngành Công nghệ sinh học (đại trà và chất lượng cao), Công tác xã hội, Xã hội học, Đông Nam Á học. Các ngành còn lại từ&nbsp;</span><strong style=\"color: rgb(0, 0, 0);\">20,00&nbsp;</strong><span style=\"color: rgb(0, 0, 0);\">điểm trở lên.</span></p><p><span style=\"color: rgb(0, 0, 0);\">- Điểm Đăng ký xét tuyển (ĐĐKXT) phương thức 2, 3, 4 và&nbsp;5&nbsp;được xác định như sau:</span></p>','https://res.cloudinary.com/de3yhowd4/image/upload/v1694322624/ks44obo86y6pdrod1col.jpg','2023-09-10 12:10:23',26,14,3),(100,'THÔNG TIN TUYỂN SINH TRƯỜNG ĐẠI HỌC MỞ ','<p class=\"ql-align-center\"><strong style=\"color: rgb(192, 57, 43);\">Thông tin tuyển sinh Đại học chính quy năm 2023&nbsp;</strong></p><p class=\"ql-align-justify\"><span style=\"color: rgb(0, 0, 0);\">Trường Đại học Mở Tp.HCM thông báo phương án tuyển sinh đại học chính quy năm 2023&nbsp;(dự kiến) của Trường như sau:</span></p><h3 class=\"ql-align-justify\"><span style=\"color: rgb(0, 0, 0);\">Chỉ tiêu dự kiến:&nbsp;</span><strong style=\"color: rgb(192, 57, 43);\">5.000</strong></h3><p class=\"ql-align-justify\"><span style=\"color: rgb(0, 0, 0);\">Mã trường: MBS</span></p><p class=\"ql-align-justify\"><strong style=\"color: rgb(0, 102, 255);\">&nbsp;&nbsp;&nbsp;1. Đối tượng tuyển sinh:</strong></p><p class=\"ql-align-justify\">&nbsp;&nbsp;&nbsp;&nbsp;&nbsp;&nbsp;&nbsp;&nbsp;&nbsp;&nbsp;<span style=\"color: rgb(0, 0, 0);\">-&nbsp;Thí sinh đã tốt nghiệp chương trình THPT của Việt Nam (hình thức giáo dục chính quy hoặc giáo dục thường xuyên) hoặc đã tốt nghiệp trình độ trung cấp (trong đó, người tốt nghiệp trình độ trung cấp nhưng chưa có bằng tốt nghiệp THPT phải học và thi đạt yêu cầu đủ khối lượng kiến thức văn hóa THPT theo quy định của Luật Giáo dục và các văn bản hướng dẫn thi hành) hoặc đã tốt nghiệp chương trình THPT của nước ngoài (đã được nước sở tại cho phép thực hiện, đạt trình độ tương đương trình độ THPT của Việt Nam) ở nước ngoài hoặc ở Việt Nam (sau đây gọi chung là tốt nghiệp THPT).</span></p><p class=\"ql-align-justify\"><span style=\"color: rgb(0, 0, 0);\">&nbsp;&nbsp;&nbsp;&nbsp;&nbsp;&nbsp;&nbsp;&nbsp;&nbsp;- Có đủ sức khoẻ để học tập theo quy định hiện hành. Đối với người khuyết tật được cấp có thẩm quyền công nhận bị dị dạng, dị tật, suy giảm khả năng tự lực trong sinh hoạt và học tập thì Hiệu trưởng xem xét, quyết định cho dự tuyển vào các ngành học phù hợp với tình trạng sức khoẻ.</span></p><p>&nbsp;&nbsp;&nbsp;&nbsp;<strong style=\"color: rgb(0, 102, 255);\">2. Phạm vi tuyển sinh:</strong></p><p><span style=\"color: rgb(0, 0, 0);\">Trường Đại học Mở Tp.HCM tuyển sinh trên cả nước và quốc tế.</span></p><p class=\"ql-align-justify\">&nbsp;&nbsp;&nbsp;&nbsp;<strong style=\"color: rgb(0, 102, 255);\">3. Phương thức xét tuyển:</strong></p><ul><li class=\"ql-align-justify\"><strong style=\"color: rgb(0, 0, 0);\"><u>Nhóm các phương thức xét tuyển theo kế hoạch chung của Bộ GD&amp;ĐT:</u></strong></li></ul><p class=\"ql-align-justify\"><strong style=\"color: rgb(0, 0, 0);\">PT1:</strong><span style=\"color: rgb(0, 0, 0);\">&nbsp;Xét tuyển thẳng, ưu tiên xét tuyển theo Quy chế tuyển sinh của Trường và Bộ GD&amp;ĐT.</span></p><p class=\"ql-align-justify\"><strong style=\"color: rgb(0, 0, 0);\">PT2:</strong><span style=\"color: rgb(0, 0, 0);\">&nbsp;Xét tuyển theo Kết quả thi tốt nghiệp THPT.</span></p><ul><li class=\"ql-align-justify\"><strong style=\"color: rgb(0, 0, 0);\"><u>Nhóm các phương thức theo kế hoạch&nbsp;xét tuyển riêng của Trường, các phương thức xét tuyển được ưu tiên theo thứ tự như sau:</u></strong></li></ul><p class=\"ql-align-justify\"><strong style=\"color: rgb(0, 0, 0);\">PT1:</strong><span style=\"color: rgb(0, 0, 0);\">&nbsp;Ưu tiên xét tuyển đối với thí sinh có:</span></p><p class=\"ql-align-justify\"><span style=\"color: rgb(0, 0, 0);\">+ Bằng tú tài quốc tế (IB) điểm từ 26;</span></p><p class=\"ql-align-justify\"><span style=\"color: rgb(0, 0, 0);\">+ Chứng chỉ quốc tế A-Level của Trung tâm khảo thí ĐH Cambridge (Anh) theo điểm 3 môn thi (trở lên) đảm bảo mức điểm mỗi môn thi đạt từ C trở lên.</span></p><p class=\"ql-align-justify\"><span style=\"color: rgb(0, 0, 0);\">+ Kết quả trong kỳ thi chuẩn hóa SAT (Scholastic Assessment Test, Hoa kỳ) đạt điểm từ 1100/1600.</span></p><p class=\"ql-align-justify\"><strong style=\"color: rgb(0, 0, 0);\">PT2:&nbsp;</strong><span style=\"color: rgb(0, 0, 0);\">Ưu tiên xét tuyển học sinh Giỏi THPT (nhóm 1 và nhóm 2) có chứng chỉ Ngoại ngữ quốc tế theo quy định.</span></p><p class=\"ql-align-justify\"><strong style=\"color: rgb(0, 0, 0);\">PT3:&nbsp;</strong><span style=\"color: rgb(0, 0, 0);\">Ưu tiên xét tuyển học sinh Giỏi THPT (nhóm 1 và nhóm 2).</span></p><p class=\"ql-align-justify\"><strong style=\"color: rgb(0, 0, 0);\">PT4:&nbsp;</strong><span style=\"color: rgb(0, 0, 0);\">Ưu tiên xét tuyển kết quả học bạ THPT có chứng chỉ quốc tế.</span></p><p class=\"ql-align-justify\"><strong style=\"color: rgb(0, 0, 0);\">PT5:&nbsp;</strong><span style=\"color: rgb(0, 0, 0);\">Xét tuyển học bạ THPT.</span></p><p class=\"ql-align-justify\"><strong style=\"color: rgb(0, 102, 255);\">&nbsp;&nbsp;4. Nguyên tắc xét tuyển:</strong></p><p class=\"ql-align-justify\">&nbsp;<span style=\"color: rgb(0, 0, 0);\">&nbsp;&nbsp;- Điểm trúng tuyển xác định theo từng ngành; Xét từ cao xuống thấp cho đến hết chỉ tiêu.</span></p><p class=\"ql-align-justify\"><strong>&nbsp;&nbsp;</strong><strong style=\"color: rgb(0, 102, 255);\">&nbsp;</strong><strong style=\"color: rgb(255, 0, 0);\">&nbsp;4.1&nbsp;<u>Nhóm các phương thức xét tuyển theo kế hoạch chung của Bộ GD&amp;ĐT:</u></strong></p><p class=\"ql-align-justify\"><span style=\"color: rgb(0, 0, 0);\">- Theo quy định tuyển sinh hiện hành của Bộ GD&amp;ĐT và</span><em style=\"color: rgb(0, 0, 0);\">&nbsp;không sử dụng điểm thi được bảo lưu từ các kỳ thi TN THPT, THPT quốc gia các năm trước để xét tuyển</em><span style=\"color: rgb(0, 0, 0);\">.</span></p><p class=\"ql-align-justify\"><span style=\"color: rgb(0, 102, 255);\">&nbsp;</span><strong style=\"color: rgb(0, 102, 255);\">&nbsp;&nbsp;</strong><strong style=\"color: rgb(255, 0, 0);\">4.2&nbsp;<u>Nhóm các phương thức theo kế hoạch&nbsp;xét tuyển riêng của Trường, các phương thức xét tuyển được ưu tiên theo thứ tự như sau:</u></strong></p><p class=\"ql-align-justify\"><span style=\"color: rgb(0, 0, 0);\">- Được tổ chức trong cùng 1 đợt xét tuyển.</span></p><p class=\"ql-align-justify\"><strong style=\"color: rgb(0, 0, 0);\">-</strong><span style=\"color: rgb(0, 0, 0);\">&nbsp;Xét lần lượt các phương thức và điểm xét tuyển từ cao xuống thấp đến khi hết chỉ tiêu. Các phương thức được xét tuyển lần lượt theo thứ tự ưu tiên&nbsp;từ phương thức 1&nbsp;đến phương thức 5.</span></p><p class=\"ql-align-justify\"><span style=\"color: rgb(0, 0, 0);\">- Thí sinh được xét bình đẳng, không phân biệt thứ tự ưu tiên của nguyện vọng đăng ký.</span></p><p class=\"ql-align-justify\"><span style=\"color: rgb(0, 0, 0);\">- Thí sinh (căn cứ theo số CCCD) được đăng ký xét tuyển theo một phương thức duy nhất và được đăng ký tối đa 03 nguyện vọng (NV) và phải xếp theo thứ tự ưu tiên từ cao xuống thấp (NV1 là NV ưu tiên cao nhất); thí sinh chỉ có tên trúng tuyển 01 (một) NV duy nhất.</span></p><p class=\"ql-align-justify\"><strong style=\"color: rgb(0, 0, 0);\">&nbsp;&nbsp;&nbsp;►Phương thức 2 và 3:&nbsp;Ưu tiên xét tuyển học sinh Giỏi THPT (nhóm 1 và nhóm 2) có chứng chỉ Ngoại ngữ quốc tế theo quy định.</strong><strong>&nbsp;</strong><span style=\"color: rgb(0, 0, 0);\">&nbsp;</span><em style=\"color: rgb(0, 0, 0);\">Điều kiện đăng ký xét tuyển</em><span style=\"color: rgb(0, 0, 0);\">:</span></p><p class=\"ql-align-justify\"><span style=\"color: rgb(0, 0, 0);\">&nbsp;&nbsp;(1) Học sinh tốt nghiệp THPT năm 2023;</span></p><p class=\"ql-align-justify\"><span style=\"color: rgb(0, 0, 0);\">&nbsp;&nbsp;(2) Có hạnh kiểm tốt 02 năm lớp 10,&nbsp;lớp 11 và</span><span style=\"color: rgb(255, 0, 0);\">&nbsp;</span><u style=\"color: rgb(255, 0, 0);\">học kỳ 1 lớp 12</u><span style=\"color: rgb(0, 0, 0);\">;</span></p><p class=\"ql-align-justify\"><span style=\"color: rgb(0, 0, 0);\">&nbsp;&nbsp;(3) Kết quả học lực 02 năm lớp 10, lớp 11 và&nbsp;</span><u style=\"color: rgb(255, 0, 0);\">học kỳ 1 năm lớp 12</u><span style=\"color: rgb(0, 0, 0);\">&nbsp;đạt loại giỏi.</span></p><p class=\"ql-align-justify\"><span style=\"color: rgb(0, 0, 0);\">&nbsp;&nbsp;(4) Ngưỡng đảm bảo chất lượng đầu vào:</span></p><p class=\"ql-align-justify\"><span style=\"color: rgb(0, 0, 0);\">&nbsp;&nbsp;&nbsp;&nbsp;+ Học sinh Giỏi nhóm 1: Tổng 3 môn trong tổ hợp xét tuyển, không nhân hệ số, không cộng điểm ưu tiên: từ 20,0 điểm.</span></p><p><span style=\"color: rgb(0, 0, 0);\">&nbsp;&nbsp;&nbsp;&nbsp;+ Học sinh Giỏi nhóm 2: Tổng 3 môn trong tổ hợp xét tuyển, không nhân hệ số, không cộng điểm ưu tiên: từ 22,0 điểm trở lên và điểm trung bình chung các môn xét tuyển từ 7,0 trở lên.</span></p><p class=\"ql-align-justify\"><span style=\"color: rgb(0, 0, 0);\">&nbsp;&nbsp;(5) Đối với Phương thức 2: Có chứng chỉ ngoại ngữ quốc tế trong thời hạn 02 năm:</span></p><p class=\"ql-align-justify\"><span style=\"color: rgb(0, 0, 0);\">&nbsp;&nbsp;&nbsp;+ Các ngành Ngôn ngữ:&nbsp;</span><strong style=\"color: rgb(0, 0, 0);\">IELTS đạt 6.0</strong><span style=\"color: rgb(0, 0, 0);\">&nbsp;(</span><em style=\"color: rgb(255, 0, 0);\">hoặc các chứng chỉ khác tương đương – Tham khảo PL2</em><span style=\"color: rgb(0, 0, 0);\">).</span></p><p class=\"ql-align-justify\"><span style=\"color: rgb(0, 0, 0);\">&nbsp;&nbsp;&nbsp;+ Các ngành còn lại:&nbsp;</span><strong style=\"color: rgb(0, 0, 0);\">IELTS đạt 5.5&nbsp;</strong><span style=\"color: rgb(0, 0, 0);\">(</span><em style=\"color: rgb(255, 0, 0);\">hoặc các chứng chỉ khác tương đương – Tham khảo PL2</em><span style=\"color: rgb(0, 0, 0);\">)</span><strong style=\"color: rgb(0, 0, 0);\">.</strong></p><p class=\"ql-align-justify\"><strong style=\"color: rgb(0, 0, 0);\">&nbsp;►Phương thức 4: Ưu tiên xét tuyển&nbsp;kết quả học bạ THPT có chứng chỉ quốc tế</strong></p><p class=\"ql-align-justify\"><em>&nbsp;&nbsp;</em><em style=\"color: rgb(0, 0, 0);\">- Điều kiện đăng ký:&nbsp;</em><span style=\"color: rgb(0, 0, 0);\">thí sinh thỏa mãn cùng lúc 02 điều kiện:</span></p><p class=\"ql-align-justify\"><span style=\"color: rgb(0, 0, 0);\">&nbsp;(1) Thí sinh thỏa mãn các điều kiện của Phương thức 5;</span></p><p class=\"ql-align-justify\"><span style=\"color: rgb(0, 0, 0);\">&nbsp;(2) Có chứng chỉ ngoại ngữ quốc tế trong thời hạn 02 năm:</span></p><p class=\"ql-align-justify\"><span style=\"color: rgb(0, 0, 0);\">&nbsp;+ Các ngành Ngôn ngữ:&nbsp;</span><strong style=\"color: rgb(0, 0, 0);\">IELTS đạt 6.0</strong><span style=\"color: rgb(0, 0, 0);\">&nbsp;(</span><em style=\"color: rgb(255, 0, 0);\">hoặc các chứng chỉ khác tương đương – Tham khảo PL2</em><span style=\"color: rgb(0, 0, 0);\">).</span></p><p class=\"ql-align-justify\"><span style=\"color: rgb(0, 0, 0);\">&nbsp;+ Các ngành còn lại:&nbsp;</span><strong style=\"color: rgb(0, 0, 0);\">IELTS đạt 5.5&nbsp;</strong><span style=\"color: rgb(0, 0, 0);\">(</span><em style=\"color: rgb(255, 0, 0);\">hoặc các chứng chỉ khác tương đương – Tham khảo PL2</em><span style=\"color: rgb(0, 0, 0);\">)</span><strong style=\"color: rgb(0, 0, 0);\">.</strong></p><p class=\"ql-align-justify\"><strong style=\"color: rgb(0, 0, 0);\">►Phương thức 5: Xét tuyển theo kết quả học tập THPT:</strong></p><p class=\"ql-align-justify\"><em style=\"color: rgb(0, 0, 0);\">- Điều kiện đăng ký hồ sơ:</em><span style=\"color: rgb(0, 0, 0);\">&nbsp;Tổng Điểm trung bình môn học các môn trong tổ hợp xét tuyển (Điểm Đăng ký xét tuyển - không bao gồm điểm ưu tiên) phải đạt từ&nbsp;</span><strong style=\"color: rgb(0, 0, 0);\">18,00&nbsp;</strong><span style=\"color: rgb(0, 0, 0);\">điểm trở lên đối với các ngành Công nghệ sinh học (đại trà và chất lượng cao), Công tác xã hội, Xã hội học, Đông Nam Á học. Các ngành còn lại từ&nbsp;</span><strong style=\"color: rgb(0, 0, 0);\">20,00&nbsp;</strong><span style=\"color: rgb(0, 0, 0);\">điểm trở lên.</span></p><p><span style=\"color: rgb(0, 0, 0);\">- Điểm Đăng ký xét tuyển (ĐĐKXT) phương thức 2, 3, 4 và&nbsp;5&nbsp;được xác định như sau:</span></p>','https://res.cloudinary.com/de3yhowd4/image/upload/v1694322645/mvtvifq6dinqxetvi8te.jpg','2023-09-10 12:10:44',26,14,3),(101,'BÀI VIẾT TEST 2','<p class=\"ql-align-center\"><strong style=\"color: rgb(192, 57, 43);\"><em><u>Thông tin tuyển sinh Đại học chính quy năm 2023&nbsp;</u></em></strong></p><p class=\"ql-align-justify\"><span style=\"color: rgb(0, 0, 0);\">Trường Đại học Mở Tp.HCM thông báo phương án tuyển sinh đại học chính quy năm 2023&nbsp;(dự kiến) của Trường như sau:</span></p><h3 class=\"ql-align-justify\"><span style=\"color: rgb(0, 0, 0);\">Chỉ tiêu dự kiến:&nbsp;</span><strong style=\"color: rgb(192, 57, 43);\">5.000</strong></h3><p class=\"ql-align-justify\"><span style=\"color: rgb(0, 0, 0);\">Mã trường: MBS</span></p><p class=\"ql-align-justify\"><strong style=\"color: rgb(0, 102, 255);\">&nbsp;&nbsp;&nbsp;1. Đối tượng tuyển sinh:</strong></p><p class=\"ql-align-justify\">&nbsp;&nbsp;&nbsp;&nbsp;&nbsp;&nbsp;&nbsp;&nbsp;&nbsp;&nbsp;<span style=\"color: rgb(0, 0, 0);\">-&nbsp;Thí sinh đã tốt nghiệp chương trình THPT của Việt Nam (hình thức giáo dục chính quy hoặc giáo dục thường xuyên) hoặc đã tốt nghiệp trình độ trung cấp (trong đó, người tốt nghiệp trình độ trung cấp nhưng chưa có bằng tốt nghiệp THPT phải học và thi đạt yêu cầu đủ khối lượng kiến thức văn hóa THPT theo quy định của Luật Giáo dục và các văn bản hướng dẫn thi hành) hoặc đã tốt nghiệp chương trình THPT của nước ngoài (đã được nước sở tại cho phép thực hiện, đạt trình độ tương đương trình độ THPT của Việt Nam) ở nước ngoài hoặc ở Việt Nam (sau đây gọi chung là tốt nghiệp THPT).</span></p><p class=\"ql-align-justify\"><span style=\"color: rgb(0, 0, 0);\">&nbsp;&nbsp;&nbsp;&nbsp;&nbsp;&nbsp;&nbsp;&nbsp;&nbsp;- Có đủ sức khoẻ để học tập theo quy định hiện hành. Đối với người khuyết tật được cấp có thẩm quyền công nhận bị dị dạng, dị tật, suy giảm khả năng tự lực trong sinh hoạt và học tập thì Hiệu trưởng xem xét, quyết định cho dự tuyển vào các ngành học phù hợp với tình trạng sức khoẻ.</span></p><p>&nbsp;&nbsp;&nbsp;&nbsp;<strong style=\"color: rgb(0, 102, 255);\">2. Phạm vi tuyển sinh:</strong></p><p><span style=\"color: rgb(0, 0, 0);\">Trường Đại học Mở Tp.HCM tuyển sinh trên cả nước và quốc tế.</span></p><p class=\"ql-align-justify\">&nbsp;&nbsp;&nbsp;&nbsp;<strong style=\"color: rgb(0, 102, 255);\">3. Phương thức xét tuyển:</strong></p><ul><li class=\"ql-align-justify\"><strong style=\"color: rgb(0, 0, 0);\"><u>Nhóm các phương thức xét tuyển theo kế hoạch chung của Bộ GD&amp;ĐT:</u></strong></li></ul><p class=\"ql-align-justify\"><strong style=\"color: rgb(0, 0, 0);\">PT1:</strong><span style=\"color: rgb(0, 0, 0);\">&nbsp;Xét tuyển thẳng, ưu tiên xét tuyển theo Quy chế tuyển sinh của Trường và Bộ GD&amp;ĐT.</span></p><p class=\"ql-align-justify\"><strong style=\"color: rgb(0, 0, 0);\">PT2:</strong><span style=\"color: rgb(0, 0, 0);\">&nbsp;Xét tuyển theo Kết quả thi tốt nghiệp THPT.</span></p><ul><li class=\"ql-align-justify\"><strong style=\"color: rgb(0, 0, 0);\"><u>Nhóm các phương thức theo kế hoạch&nbsp;xét tuyển riêng của Trường, các phương thức xét tuyển được ưu tiên theo thứ tự như sau:</u></strong></li></ul><p class=\"ql-align-justify\"><strong style=\"color: rgb(0, 0, 0);\">PT1:</strong><span style=\"color: rgb(0, 0, 0);\">&nbsp;Ưu tiên xét tuyển đối với thí sinh có:</span></p><p class=\"ql-align-justify\"><span style=\"color: rgb(0, 0, 0);\">+ Bằng tú tài quốc tế (IB) điểm từ 26;</span></p><p class=\"ql-align-justify\"><span style=\"color: rgb(0, 0, 0);\">+ Chứng chỉ quốc tế A-Level của Trung tâm khảo thí ĐH Cambridge (Anh) theo điểm 3 môn thi (trở lên) đảm bảo mức điểm mỗi môn thi đạt từ C trở lên.</span></p><p class=\"ql-align-justify\"><span style=\"color: rgb(0, 0, 0);\">+ Kết quả trong kỳ thi chuẩn hóa SAT (Scholastic Assessment Test, Hoa kỳ) đạt điểm từ 1100/1600.</span></p><p class=\"ql-align-justify\"><strong style=\"color: rgb(0, 0, 0);\">PT2:&nbsp;</strong><span style=\"color: rgb(0, 0, 0);\">Ưu tiên xét tuyển học sinh Giỏi THPT (nhóm 1 và nhóm 2) có chứng chỉ Ngoại ngữ quốc tế theo quy định.</span></p><p class=\"ql-align-justify\"><strong style=\"color: rgb(0, 0, 0);\">PT3:&nbsp;</strong><span style=\"color: rgb(0, 0, 0);\">Ưu tiên xét tuyển học sinh Giỏi THPT (nhóm 1 và nhóm 2).</span></p><p class=\"ql-align-justify\"><strong style=\"color: rgb(0, 0, 0);\">PT4:&nbsp;</strong><span style=\"color: rgb(0, 0, 0);\">Ưu tiên xét tuyển kết quả học bạ THPT có chứng chỉ quốc tế.</span></p><p class=\"ql-align-justify\"><strong style=\"color: rgb(0, 0, 0);\">PT5:&nbsp;</strong><span style=\"color: rgb(0, 0, 0);\">Xét tuyển học bạ THPT.</span></p><p class=\"ql-align-justify\"><strong style=\"color: rgb(0, 102, 255);\">&nbsp;&nbsp;4. Nguyên tắc xét tuyển:</strong></p><p class=\"ql-align-justify\">&nbsp;<span style=\"color: rgb(0, 0, 0);\">&nbsp;&nbsp;- Điểm trúng tuyển xác định theo từng ngành; Xét từ cao xuống thấp cho đến hết chỉ tiêu.</span></p><p class=\"ql-align-justify\"><strong>&nbsp;&nbsp;</strong><strong style=\"color: rgb(0, 102, 255);\">&nbsp;</strong><strong style=\"color: rgb(255, 0, 0);\">&nbsp;4.1&nbsp;<u>Nhóm các phương thức xét tuyển theo kế hoạch chung của Bộ GD&amp;ĐT:</u></strong></p><p class=\"ql-align-justify\"><span style=\"color: rgb(0, 0, 0);\">- Theo quy định tuyển sinh hiện hành của Bộ GD&amp;ĐT và</span><em style=\"color: rgb(0, 0, 0);\">&nbsp;không sử dụng điểm thi được bảo lưu từ các kỳ thi TN THPT, THPT quốc gia các năm trước để xét tuyển</em><span style=\"color: rgb(0, 0, 0);\">.</span></p><p class=\"ql-align-justify\"><span style=\"color: rgb(0, 102, 255);\">&nbsp;</span><strong style=\"color: rgb(0, 102, 255);\">&nbsp;&nbsp;</strong><strong style=\"color: rgb(255, 0, 0);\">4.2&nbsp;<u>Nhóm các phương thức theo kế hoạch&nbsp;xét tuyển riêng của Trường, các phương thức xét tuyển được ưu tiên theo thứ tự như sau:</u></strong></p><p class=\"ql-align-justify\"><span style=\"color: rgb(0, 0, 0);\">- Được tổ chức trong cùng 1 đợt xét tuyển.</span></p><p class=\"ql-align-justify\"><strong style=\"color: rgb(0, 0, 0);\">-</strong><span style=\"color: rgb(0, 0, 0);\">&nbsp;Xét lần lượt các phương thức và điểm xét tuyển từ cao xuống thấp đến khi hết chỉ tiêu. Các phương thức được xét tuyển lần lượt theo thứ tự ưu tiên&nbsp;từ phương thức 1&nbsp;đến phương thức 5.</span></p><p class=\"ql-align-justify\"><span style=\"color: rgb(0, 0, 0);\">- Thí sinh được xét bình đẳng, không phân biệt thứ tự ưu tiên của nguyện vọng đăng ký.</span></p><p class=\"ql-align-justify\"><span style=\"color: rgb(0, 0, 0);\">- Thí sinh (căn cứ theo số CCCD) được đăng ký xét tuyển theo một phương thức duy nhất và được đăng ký tối đa 03 nguyện vọng (NV) và phải xếp theo thứ tự ưu tiên từ cao xuống thấp (NV1 là NV ưu tiên cao nhất); thí sinh chỉ có tên trúng tuyển 01 (một) NV duy nhất.</span></p><p class=\"ql-align-justify\"><strong style=\"color: rgb(0, 0, 0);\">&nbsp;&nbsp;&nbsp;►Phương thức 2 và 3:&nbsp;Ưu tiên xét tuyển học sinh Giỏi THPT (nhóm 1 và nhóm 2) có chứng chỉ Ngoại ngữ quốc tế theo quy định.</strong><strong>&nbsp;</strong><span style=\"color: rgb(0, 0, 0);\">&nbsp;</span><em style=\"color: rgb(0, 0, 0);\">Điều kiện đăng ký xét tuyển</em><span style=\"color: rgb(0, 0, 0);\">:</span></p><p class=\"ql-align-justify\"><span style=\"color: rgb(0, 0, 0);\">&nbsp;&nbsp;(1) Học sinh tốt nghiệp THPT năm 2023;</span></p><p class=\"ql-align-justify\"><span style=\"color: rgb(0, 0, 0);\">&nbsp;&nbsp;(2) Có hạnh kiểm tốt 02 năm lớp 10,&nbsp;lớp 11 và</span><span style=\"color: rgb(255, 0, 0);\">&nbsp;</span><u style=\"color: rgb(255, 0, 0);\">học kỳ 1 lớp 12</u><span style=\"color: rgb(0, 0, 0);\">;</span></p><p class=\"ql-align-justify\"><span style=\"color: rgb(0, 0, 0);\">&nbsp;&nbsp;(3) Kết quả học lực 02 năm lớp 10, lớp 11 và&nbsp;</span><u style=\"color: rgb(255, 0, 0);\">học kỳ 1 năm lớp 12</u><span style=\"color: rgb(0, 0, 0);\">&nbsp;đạt loại giỏi.</span></p><p class=\"ql-align-justify\"><span style=\"color: rgb(0, 0, 0);\">&nbsp;&nbsp;(4) Ngưỡng đảm bảo chất lượng đầu vào:</span></p><p class=\"ql-align-justify\"><span style=\"color: rgb(0, 0, 0);\">&nbsp;&nbsp;&nbsp;&nbsp;+ Học sinh Giỏi nhóm 1: Tổng 3 môn trong tổ hợp xét tuyển, không nhân hệ số, không cộng điểm ưu tiên: từ 20,0 điểm.</span></p><p><span style=\"color: rgb(0, 0, 0);\">&nbsp;&nbsp;&nbsp;&nbsp;+ Học sinh Giỏi nhóm 2: Tổng 3 môn trong tổ hợp xét tuyển, không nhân hệ số, không cộng điểm ưu tiên: từ 22,0 điểm trở lên và điểm trung bình chung các môn xét tuyển từ 7,0 trở lên.</span></p><p class=\"ql-align-justify\"><span style=\"color: rgb(0, 0, 0);\">&nbsp;&nbsp;(5) Đối với Phương thức 2: Có chứng chỉ ngoại ngữ quốc tế trong thời hạn 02 năm:</span></p><p class=\"ql-align-justify\"><span style=\"color: rgb(0, 0, 0);\">&nbsp;&nbsp;&nbsp;+ Các ngành Ngôn ngữ:&nbsp;</span><strong style=\"color: rgb(0, 0, 0);\">IELTS đạt 6.0</strong><span style=\"color: rgb(0, 0, 0);\">&nbsp;(</span><em style=\"color: rgb(255, 0, 0);\">hoặc các chứng chỉ khác tương đương – Tham khảo PL2</em><span style=\"color: rgb(0, 0, 0);\">).</span></p><p class=\"ql-align-justify\"><span style=\"color: rgb(0, 0, 0);\">&nbsp;&nbsp;&nbsp;+ Các ngành còn lại:&nbsp;</span><strong style=\"color: rgb(0, 0, 0);\">IELTS đạt 5.5&nbsp;</strong><span style=\"color: rgb(0, 0, 0);\">(</span><em style=\"color: rgb(255, 0, 0);\">hoặc các chứng chỉ khác tương đương – Tham khảo PL2</em><span style=\"color: rgb(0, 0, 0);\">)</span><strong style=\"color: rgb(0, 0, 0);\">.</strong></p><p class=\"ql-align-justify\"><strong style=\"color: rgb(0, 0, 0);\">&nbsp;►Phương thức 4: Ưu tiên xét tuyển&nbsp;kết quả học bạ THPT có chứng chỉ quốc tế</strong></p><p class=\"ql-align-justify\"><em>&nbsp;&nbsp;</em><em style=\"color: rgb(0, 0, 0);\">- Điều kiện đăng ký:&nbsp;</em><span style=\"color: rgb(0, 0, 0);\">thí sinh thỏa mãn cùng lúc 02 điều kiện:</span></p><p class=\"ql-align-justify\"><span style=\"color: rgb(0, 0, 0);\">&nbsp;(1) Thí sinh thỏa mãn các điều kiện của Phương thức 5;</span></p><p class=\"ql-align-justify\"><span style=\"color: rgb(0, 0, 0);\">&nbsp;(2) Có chứng chỉ ngoại ngữ quốc tế trong thời hạn 02 năm:</span></p><p class=\"ql-align-justify\"><span style=\"color: rgb(0, 0, 0);\">&nbsp;+ Các ngành Ngôn ngữ:&nbsp;</span><strong style=\"color: rgb(0, 0, 0);\">IELTS đạt 6.0</strong><span style=\"color: rgb(0, 0, 0);\">&nbsp;(</span><em style=\"color: rgb(255, 0, 0);\">hoặc các chứng chỉ khác tương đương – Tham khảo PL2</em><span style=\"color: rgb(0, 0, 0);\">).</span></p><p class=\"ql-align-justify\"><span style=\"color: rgb(0, 0, 0);\">&nbsp;+ Các ngành còn lại:&nbsp;</span><strong style=\"color: rgb(0, 0, 0);\">IELTS đạt 5.5&nbsp;</strong><span style=\"color: rgb(0, 0, 0);\">(</span><em style=\"color: rgb(255, 0, 0);\">hoặc các chứng chỉ khác tương đương – Tham khảo PL2</em><span style=\"color: rgb(0, 0, 0);\">)</span><strong style=\"color: rgb(0, 0, 0);\">.</strong></p><p class=\"ql-align-justify\"><strong style=\"color: rgb(0, 0, 0);\">►Phương thức 5: Xét tuyển theo kết quả học tập THPT:</strong></p><p class=\"ql-align-justify\"><em style=\"color: rgb(0, 0, 0);\">- Điều kiện đăng ký hồ sơ:</em><span style=\"color: rgb(0, 0, 0);\">&nbsp;Tổng Điểm trung bình môn học các môn trong tổ hợp xét tuyển (Điểm Đăng ký xét tuyển - không bao gồm điểm ưu tiên) phải đạt từ&nbsp;</span><strong style=\"color: rgb(0, 0, 0);\">18,00&nbsp;</strong><span style=\"color: rgb(0, 0, 0);\">điểm trở lên đối với các ngành Công nghệ sinh học (đại trà và chất lượng cao), Công tác xã hội, Xã hội học, Đông Nam Á học. Các ngành còn lại từ&nbsp;</span><strong style=\"color: rgb(0, 0, 0);\">20,00&nbsp;</strong><span style=\"color: rgb(0, 0, 0);\">điểm trở lên.</span></p>','https://res.cloudinary.com/de3yhowd4/image/upload/v1694325672/orhkq16fz0baaie7w7nn.jpg','2023-09-10 13:00:55',26,96,2),(102,'Bài viết test 1','<h1 class=\"ql-align-center\"><strong style=\"color: rgb(192, 57, 43);\"><em><u>Thông tin tuyển sinh Đại học chính quy năm 2023&nbsp;</u></em></strong></h1><p class=\"ql-align-justify\"><span style=\"color: rgb(0, 0, 0);\">Trường Đại học Mở Tp.HCM thông báo phương án tuyển sinh đại học chính quy năm 2023&nbsp;(dự kiến) của Trường như sau:</span></p><h3 class=\"ql-align-justify\"><span style=\"color: rgb(0, 0, 0);\">Chỉ tiêu dự kiến:&nbsp;</span><strong style=\"color: rgb(192, 57, 43);\">5.000</strong></h3><p class=\"ql-align-justify\"><span style=\"color: rgb(0, 0, 0);\">Mã trường: MBS</span></p><p class=\"ql-align-justify\"><strong style=\"color: rgb(0, 102, 255);\">&nbsp;&nbsp;&nbsp;1. Đối tượng tuyển sinh:</strong></p><p class=\"ql-align-justify\">&nbsp;&nbsp;&nbsp;&nbsp;&nbsp;&nbsp;&nbsp;&nbsp;&nbsp;&nbsp;<span style=\"color: rgb(0, 0, 0);\">-&nbsp;Thí sinh đã tốt nghiệp chương trình THPT của Việt Nam (hình thức giáo dục chính quy hoặc giáo dục thường xuyên) hoặc đã tốt nghiệp trình độ trung cấp (trong đó, người tốt nghiệp trình độ trung cấp nhưng chưa có bằng tốt nghiệp THPT phải học và thi đạt yêu cầu đủ khối lượng kiến thức văn hóa THPT theo quy định của Luật Giáo dục và các văn bản hướng dẫn thi hành) hoặc đã tốt nghiệp chương trình THPT của nước ngoài (đã được nước sở tại cho phép thực hiện, đạt trình độ tương đương trình độ THPT của Việt Nam) ở nước ngoài hoặc ở Việt Nam (sau đây gọi chung là tốt nghiệp THPT).</span></p><p class=\"ql-align-justify\"><span style=\"color: rgb(0, 0, 0);\">&nbsp;&nbsp;&nbsp;&nbsp;&nbsp;&nbsp;&nbsp;&nbsp;&nbsp;- Có đủ sức khoẻ để học tập theo quy định hiện hành. Đối với người khuyết tật được cấp có thẩm quyền công nhận bị dị dạng, dị tật, suy giảm khả năng tự lực trong sinh hoạt và học tập thì Hiệu trưởng xem xét, quyết định cho dự tuyển vào các ngành học phù hợp với tình trạng sức khoẻ.</span></p><p>&nbsp;&nbsp;&nbsp;&nbsp;<strong style=\"color: rgb(0, 102, 255);\">2. Phạm vi tuyển sinh:</strong></p><p><span style=\"color: rgb(0, 0, 0);\">Trường Đại học Mở Tp.HCM tuyển sinh trên cả nước và quốc tế.</span></p><p class=\"ql-align-justify\">&nbsp;&nbsp;&nbsp;&nbsp;<strong style=\"color: rgb(0, 102, 255);\">3. Phương thức xét tuyển:</strong></p><ul><li class=\"ql-align-justify\"><strong style=\"color: rgb(0, 0, 0);\"><u>Nhóm các phương thức xét tuyển theo kế hoạch chung của Bộ GD&amp;ĐT:</u></strong></li></ul><p class=\"ql-align-justify\"><strong style=\"color: rgb(0, 0, 0);\">PT1:</strong><span style=\"color: rgb(0, 0, 0);\">&nbsp;Xét tuyển thẳng, ưu tiên xét tuyển theo Quy chế tuyển sinh của Trường và Bộ GD&amp;ĐT.</span></p><p class=\"ql-align-justify\"><strong style=\"color: rgb(0, 0, 0);\">PT2:</strong><span style=\"color: rgb(0, 0, 0);\">&nbsp;Xét tuyển theo Kết quả thi tốt nghiệp THPT.</span></p><ul><li class=\"ql-align-justify\"><strong style=\"color: rgb(0, 0, 0);\"><u>Nhóm các phương thức theo kế hoạch&nbsp;xét tuyển riêng của Trường, các phương thức xét tuyển được ưu tiên theo thứ tự như sau:</u></strong></li></ul><p class=\"ql-align-justify\"><strong style=\"color: rgb(0, 0, 0);\">PT1:</strong><span style=\"color: rgb(0, 0, 0);\">&nbsp;Ưu tiên xét tuyển đối với thí sinh có:</span></p><p class=\"ql-align-justify\"><span style=\"color: rgb(0, 0, 0);\">+ Bằng tú tài quốc tế (IB) điểm từ 26;</span></p><p class=\"ql-align-justify\"><span style=\"color: rgb(0, 0, 0);\">+ Chứng chỉ quốc tế A-Level của Trung tâm khảo thí ĐH Cambridge (Anh) theo điểm 3 môn thi (trở lên) đảm bảo mức điểm mỗi môn thi đạt từ C trở lên.</span></p><p class=\"ql-align-justify\"><span style=\"color: rgb(0, 0, 0);\">+ Kết quả trong kỳ thi chuẩn hóa SAT (Scholastic Assessment Test, Hoa kỳ) đạt điểm từ 1100/1600.</span></p><p class=\"ql-align-justify\"><strong style=\"color: rgb(0, 0, 0);\">PT2:&nbsp;</strong><span style=\"color: rgb(0, 0, 0);\">Ưu tiên xét tuyển học sinh Giỏi THPT (nhóm 1 và nhóm 2) có chứng chỉ Ngoại ngữ quốc tế theo quy định.</span></p><p class=\"ql-align-justify\"><strong style=\"color: rgb(0, 0, 0);\">PT3:&nbsp;</strong><span style=\"color: rgb(0, 0, 0);\">Ưu tiên xét tuyển học sinh Giỏi THPT (nhóm 1 và nhóm 2).</span></p><p class=\"ql-align-justify\"><strong style=\"color: rgb(0, 0, 0);\">PT4:&nbsp;</strong><span style=\"color: rgb(0, 0, 0);\">Ưu tiên xét tuyển kết quả học bạ THPT có chứng chỉ quốc tế.</span></p><p class=\"ql-align-justify\"><strong style=\"color: rgb(0, 0, 0);\">PT5:&nbsp;</strong><span style=\"color: rgb(0, 0, 0);\">Xét tuyển học bạ THPT.</span></p><p class=\"ql-align-justify\"><strong style=\"color: rgb(0, 102, 255);\">&nbsp;&nbsp;4. Nguyên tắc xét tuyển:</strong></p><p class=\"ql-align-justify\">&nbsp;<span style=\"color: rgb(0, 0, 0);\">&nbsp;&nbsp;- Điểm trúng tuyển xác định theo từng ngành; Xét từ cao xuống thấp cho đến hết chỉ tiêu.</span></p><p class=\"ql-align-justify\"><strong>&nbsp;&nbsp;</strong><strong style=\"color: rgb(0, 102, 255);\">&nbsp;</strong><strong style=\"color: rgb(255, 0, 0);\">&nbsp;4.1&nbsp;<u>Nhóm các phương thức xét tuyển theo kế hoạch chung của Bộ GD&amp;ĐT:</u></strong></p><p class=\"ql-align-justify\"><span style=\"color: rgb(0, 0, 0);\">- Theo quy định tuyển sinh hiện hành của Bộ GD&amp;ĐT và</span><em style=\"color: rgb(0, 0, 0);\">&nbsp;không sử dụng điểm thi được bảo lưu từ các kỳ thi TN THPT, THPT quốc gia các năm trước để xét tuyển</em><span style=\"color: rgb(0, 0, 0);\">.</span></p><p class=\"ql-align-justify\"><span style=\"color: rgb(0, 102, 255);\">&nbsp;</span><strong style=\"color: rgb(0, 102, 255);\">&nbsp;&nbsp;</strong><strong style=\"color: rgb(255, 0, 0);\">4.2&nbsp;<u>Nhóm các phương thức theo kế hoạch&nbsp;xét tuyển riêng của Trường, các phương thức xét tuyển được ưu tiên theo thứ tự như sau:</u></strong></p><p class=\"ql-align-justify\"><span style=\"color: rgb(0, 0, 0);\">- Được tổ chức trong cùng 1 đợt xét tuyển.</span></p><p class=\"ql-align-justify\"><strong style=\"color: rgb(0, 0, 0);\">-</strong><span style=\"color: rgb(0, 0, 0);\">&nbsp;Xét lần lượt các phương thức và điểm xét tuyển từ cao xuống thấp đến khi hết chỉ tiêu. Các phương thức được xét tuyển lần lượt theo thứ tự ưu tiên&nbsp;từ phương thức 1&nbsp;đến phương thức 5.</span></p><p class=\"ql-align-justify\"><span style=\"color: rgb(0, 0, 0);\">- Thí sinh được xét bình đẳng, không phân biệt thứ tự ưu tiên của nguyện vọng đăng ký.</span></p><p class=\"ql-align-justify\"><span style=\"color: rgb(0, 0, 0);\">- Thí sinh (căn cứ theo số CCCD) được đăng ký xét tuyển theo một phương thức duy nhất và được đăng ký tối đa 03 nguyện vọng (NV) và phải xếp theo thứ tự ưu tiên từ cao xuống thấp (NV1 là NV ưu tiên cao nhất); thí sinh chỉ có tên trúng tuyển 01 (một) NV duy nhất.</span></p><p class=\"ql-align-justify\"><strong style=\"color: rgb(0, 0, 0);\">&nbsp;&nbsp;&nbsp;►Phương thức 2 và 3:&nbsp;Ưu tiên xét tuyển học sinh Giỏi THPT (nhóm 1 và nhóm 2) có chứng chỉ Ngoại ngữ quốc tế theo quy định.</strong><strong>&nbsp;</strong><span style=\"color: rgb(0, 0, 0);\">&nbsp;</span><em style=\"color: rgb(0, 0, 0);\">Điều kiện đăng ký xét tuyển</em><span style=\"color: rgb(0, 0, 0);\">:</span></p><p class=\"ql-align-justify\"><span style=\"color: rgb(0, 0, 0);\">&nbsp;&nbsp;(1) Học sinh tốt nghiệp THPT năm 2023;</span></p><p class=\"ql-align-justify\"><span style=\"color: rgb(0, 0, 0);\">&nbsp;&nbsp;(2) Có hạnh kiểm tốt 02 năm lớp 10,&nbsp;lớp 11 và</span><span style=\"color: rgb(255, 0, 0);\">&nbsp;</span><u style=\"color: rgb(255, 0, 0);\">học kỳ 1 lớp 12</u><span style=\"color: rgb(0, 0, 0);\">;</span></p><p class=\"ql-align-justify\"><span style=\"color: rgb(0, 0, 0);\">&nbsp;&nbsp;(3) Kết quả học lực 02 năm lớp 10, lớp 11 và&nbsp;</span><u style=\"color: rgb(255, 0, 0);\">học kỳ 1 năm lớp 12</u><span style=\"color: rgb(0, 0, 0);\">&nbsp;đạt loại giỏi.</span></p><p class=\"ql-align-justify\"><span style=\"color: rgb(0, 0, 0);\">&nbsp;&nbsp;(4) Ngưỡng đảm bảo chất lượng đầu vào:</span></p><p class=\"ql-align-justify\"><span style=\"color: rgb(0, 0, 0);\">&nbsp;&nbsp;&nbsp;&nbsp;+ Học sinh Giỏi nhóm 1: Tổng 3 môn trong tổ hợp xét tuyển, không nhân hệ số, không cộng điểm ưu tiên: từ 20,0 điểm.</span></p><p><span style=\"color: rgb(0, 0, 0);\">&nbsp;&nbsp;&nbsp;&nbsp;+ Học sinh Giỏi nhóm 2: Tổng 3 môn trong tổ hợp xét tuyển, không nhân hệ số, không cộng điểm ưu tiên: từ 22,0 điểm trở lên và điểm trung bình chung các môn xét tuyển từ 7,0 trở lên.</span></p><p class=\"ql-align-justify\"><span style=\"color: rgb(0, 0, 0);\">&nbsp;&nbsp;(5) Đối với Phương thức 2: Có chứng chỉ ngoại ngữ quốc tế trong thời hạn 02 năm:</span></p><p class=\"ql-align-justify\"><span style=\"color: rgb(0, 0, 0);\">&nbsp;&nbsp;&nbsp;+ Các ngành Ngôn ngữ:&nbsp;</span><strong style=\"color: rgb(0, 0, 0);\">IELTS đạt 6.0</strong><span style=\"color: rgb(0, 0, 0);\">&nbsp;(</span><em style=\"color: rgb(255, 0, 0);\">hoặc các chứng chỉ khác tương đương – Tham khảo PL2</em><span style=\"color: rgb(0, 0, 0);\">).</span></p><p class=\"ql-align-justify\"><span style=\"color: rgb(0, 0, 0);\">&nbsp;&nbsp;&nbsp;+ Các ngành còn lại:&nbsp;</span><strong style=\"color: rgb(0, 0, 0);\">IELTS đạt 5.5&nbsp;</strong><span style=\"color: rgb(0, 0, 0);\">(</span><em style=\"color: rgb(255, 0, 0);\">hoặc các chứng chỉ khác tương đương – Tham khảo PL2</em><span style=\"color: rgb(0, 0, 0);\">)</span><strong style=\"color: rgb(0, 0, 0);\">.</strong></p><p class=\"ql-align-justify\"><strong style=\"color: rgb(0, 0, 0);\">&nbsp;►Phương thức 4: Ưu tiên xét tuyển&nbsp;kết quả học bạ THPT có chứng chỉ quốc tế</strong></p><p class=\"ql-align-justify\"><em>&nbsp;&nbsp;</em><em style=\"color: rgb(0, 0, 0);\">- Điều kiện đăng ký:&nbsp;</em><span style=\"color: rgb(0, 0, 0);\">thí sinh thỏa mãn cùng lúc 02 điều kiện:</span></p><p class=\"ql-align-justify\"><span style=\"color: rgb(0, 0, 0);\">&nbsp;(1) Thí sinh thỏa mãn các điều kiện của Phương thức 5;</span></p><p class=\"ql-align-justify\"><span style=\"color: rgb(0, 0, 0);\">&nbsp;(2) Có chứng chỉ ngoại ngữ quốc tế trong thời hạn 02 năm:</span></p><p class=\"ql-align-justify\"><span style=\"color: rgb(0, 0, 0);\">&nbsp;+ Các ngành Ngôn ngữ:&nbsp;</span><strong style=\"color: rgb(0, 0, 0);\">IELTS đạt 6.0</strong><span style=\"color: rgb(0, 0, 0);\">&nbsp;(</span><em style=\"color: rgb(255, 0, 0);\">hoặc các chứng chỉ khác tương đương – Tham khảo PL2</em><span style=\"color: rgb(0, 0, 0);\">).</span></p><p class=\"ql-align-justify\"><span style=\"color: rgb(0, 0, 0);\">&nbsp;+ Các ngành còn lại:&nbsp;</span><strong style=\"color: rgb(0, 0, 0);\">IELTS đạt 5.5&nbsp;</strong><span style=\"color: rgb(0, 0, 0);\">(</span><em style=\"color: rgb(255, 0, 0);\">hoặc các chứng chỉ khác tương đương – Tham khảo PL2</em><span style=\"color: rgb(0, 0, 0);\">)</span><strong style=\"color: rgb(0, 0, 0);\">.</strong></p><p class=\"ql-align-justify\"><strong style=\"color: rgb(0, 0, 0);\">►Phương thức 5: Xét tuyển theo kết quả học tập THPT:</strong></p><p class=\"ql-align-justify\"><em style=\"color: rgb(0, 0, 0);\">- Điều kiện đăng ký hồ sơ:</em><span style=\"color: rgb(0, 0, 0);\">&nbsp;Tổng Điểm trung bình môn học các môn trong tổ hợp xét tuyển (Điểm Đăng ký xét tuyển - không bao gồm điểm ưu tiên) phải đạt từ&nbsp;</span><strong style=\"color: rgb(0, 0, 0);\">18,00&nbsp;</strong><span style=\"color: rgb(0, 0, 0);\">điểm trở lên đối với các ngành Công nghệ sinh học (đại trà và chất lượng cao), Công tác xã hội, Xã hội học, Đông Nam Á học. Các ngành còn lại từ&nbsp;</span><strong style=\"color: rgb(0, 0, 0);\">20,00&nbsp;</strong><span style=\"color: rgb(0, 0, 0);\">điểm trở lên.</span></p>','https://res.cloudinary.com/de3yhowd4/image/upload/v1694326347/f1kamvum4nfsdf4loyw5.png','2023-09-10 13:11:58',26,96,128);
/*!40000 ALTER TABLE `article` ENABLE KEYS */;
UNLOCK TABLES;

--
-- Table structure for table `banner`
--

DROP TABLE IF EXISTS `banner`;
/*!40101 SET @saved_cs_client     = @@character_set_client */;
/*!50503 SET character_set_client = utf8mb4 */;
CREATE TABLE `banner` (
  `id` int NOT NULL AUTO_INCREMENT,
  `thumbnail` varchar(255) DEFAULT NULL,
  PRIMARY KEY (`id`)
) ENGINE=InnoDB AUTO_INCREMENT=22 DEFAULT CHARSET=utf8mb4 COLLATE=utf8mb4_0900_ai_ci;
/*!40101 SET character_set_client = @saved_cs_client */;

--
-- Dumping data for table `banner`
--

LOCK TABLES `banner` WRITE;
/*!40000 ALTER TABLE `banner` DISABLE KEYS */;
INSERT INTO `banner` VALUES (18,'https://tuyensinh.ou.edu.vn/tmp/rscache/1110x475-Ket%20qua%20so%20tuyen-1-01.png'),(19,'https://tuyensinh.ou.edu.vn/tmp/rscache/1110x475-dkxt2-01.png'),(20,'https://tuyensinh.ou.edu.vn/tmp/rscache/1110x475-web%20ts%202023-v1-01.png'),(21,'https://tuyensinh.ou.edu.vn/tmp/rscache/1110x475-web%20ts%202023-v1-01.png');
/*!40000 ALTER TABLE `banner` ENABLE KEYS */;
UNLOCK TABLES;

--
-- Table structure for table `category`
--

DROP TABLE IF EXISTS `category`;
/*!40101 SET @saved_cs_client     = @@character_set_client */;
/*!50503 SET character_set_client = utf8mb4 */;
CREATE TABLE `category` (
  `id` int NOT NULL AUTO_INCREMENT,
  `name` varchar(45) DEFAULT NULL,
  PRIMARY KEY (`id`),
  UNIQUE KEY `name_UNIQUE` (`name`)
) ENGINE=InnoDB AUTO_INCREMENT=100 DEFAULT CHARSET=utf8mb4 COLLATE=utf8mb4_0900_ai_ci;
/*!40101 SET character_set_client = @saved_cs_client */;

--
-- Dumping data for table `category`
--

LOCK TABLES `category` WRITE;
/*!40000 ALTER TABLE `category` DISABLE KEYS */;
INSERT INTO `category` VALUES (18,'TUYỂN SINH CHẤT LƯỢNG CAO'),(13,'TUYỂN SINH ĐẠI HỌC CHÍNH QUY'),(96,'TUYỂN SINH TEST 2'),(14,'TUYỂN SINH XÉT TUYỂN HỌC BẠ');
/*!40000 ALTER TABLE `category` ENABLE KEYS */;
UNLOCK TABLES;

--
-- Table structure for table `comment`
--

DROP TABLE IF EXISTS `comment`;
/*!40101 SET @saved_cs_client     = @@character_set_client */;
/*!50503 SET character_set_client = utf8mb4 */;
CREATE TABLE `comment` (
  `id` int NOT NULL AUTO_INCREMENT,
  `content` longtext,
  `date` datetime DEFAULT NULL,
  `article_id` int DEFAULT NULL,
  `user_id` int DEFAULT NULL,
  PRIMARY KEY (`id`),
  KEY `fk_comment_article1_idx` (`article_id`),
  KEY `fk_comment_user1_idx` (`user_id`),
  CONSTRAINT `fk_comment_article1` FOREIGN KEY (`article_id`) REFERENCES `article` (`id`),
  CONSTRAINT `fk_comment_user1` FOREIGN KEY (`user_id`) REFERENCES `user` (`id`)
) ENGINE=InnoDB AUTO_INCREMENT=73 DEFAULT CHARSET=utf8mb4 COLLATE=utf8mb4_0900_ai_ci;
/*!40101 SET character_set_client = @saved_cs_client */;

--
-- Dumping data for table `comment`
--

LOCK TABLES `comment` WRITE;
/*!40000 ALTER TABLE `comment` DISABLE KEYS */;
INSERT INTO `comment` VALUES (62,'cảm ơn trường','2023-09-06 15:20:30',71,26),(63,'Ở đâu cũng được chỉ cần trường có đội ngũ giảng viên giỏi có cơ sở vật chất tốt là OK..các cháu cố gắng học đi đừng bỏ lỡ cơ hội sau này..','2023-09-06 15:20:46',71,26),(66,'xin chào thầy thành','2023-09-06 21:47:49',71,26),(67,'thầy thành đẹp trai nhất ','2023-09-06 21:48:02',71,26);
/*!40000 ALTER TABLE `comment` ENABLE KEYS */;
UNLOCK TABLES;

--
-- Table structure for table `faculty`
--

DROP TABLE IF EXISTS `faculty`;
/*!40101 SET @saved_cs_client     = @@character_set_client */;
/*!50503 SET character_set_client = utf8mb4 */;
CREATE TABLE `faculty` (
  `id` int NOT NULL AUTO_INCREMENT,
  `name` varchar(45) DEFAULT NULL,
  `description` longtext,
  `website_url` text,
  `video_url` text,
  `image_url` varchar(255) DEFAULT NULL,
  PRIMARY KEY (`id`),
  UNIQUE KEY `name_UNIQUE` (`name`)
) ENGINE=InnoDB AUTO_INCREMENT=129 DEFAULT CHARSET=utf8mb4 COLLATE=utf8mb4_0900_ai_ci;
/*!40101 SET character_set_client = @saved_cs_client */;

--
-- Dumping data for table `faculty`
--

LOCK TABLES `faculty` WRITE;
/*!40000 ALTER TABLE `faculty` DISABLE KEYS */;
INSERT INTO `faculty` VALUES (2,'Khoa Ngoại Ngữ','Khoa Ngoại Ngữ','https://tuyensinh.ou.edu.vn/khoa-ngoai-ngu','https://www.youtube.com/embed/RazMgFxOWDY','https://res.cloudinary.com/de3yhowd4/image/upload/v1693804884/w5ovwfkrhn1njquisgdx.png'),(3,'Khoa Công Nghệ Thông Tin','Khoa Công Nghệ Thông Tin','https://tuyensinh.ou.edu.vn/21-khoa-tai-chinh---ngan-hang','https://www.youtube.com/embed/RazMgFxOWDY','https://res.cloudinary.com/de3yhowd4/image/upload/v1693804923/jg6j8xnmxuz4gl4pq8fb.png'),(113,'Khoa Luật','KHOA LUẬT','https://tuyensinh.ou.edu.vn/thong-bao-xac-nhan-nhap-hoc-va-nhap-hoc-truc-tuyen-online-tan-sinh-vien-khoa-2023','https://www.youtube.com/embed/90sYCPQTZ40?si=VHY_y7VyARERcaIq','https://res.cloudinary.com/de3yhowd4/image/upload/v1693804940/fa1q3izslticbuhbmmrl.png'),(120,'Khoa Kế Toán - Kiểm Toán','Khoa Kế Toán - Kiểm Toán','https://tuyensinh.ou.edu.vn/17-khoa-ke-toan---kiem-toan','https://www.youtube.com/embed/RazMgFxOWDY','https://res.cloudinary.com/de3yhowd4/image/upload/v1693804987/micpzojv7c0318khg5bl.png'),(121,'Khoa Kinh Tế','Kinh Tế','https://tuyensinh.ou.edu.vn/thong-tin-nganh-khoa-1581036727','https://www.youtube.com/embed/RazMgFxOWDY','https://res.cloudinary.com/de3yhowd4/image/upload/v1693805746/wdrkd3oi0dclk8m4b9is.png'),(122,'Khoa Công Nghệ Sinh Học','Khoa Công Nghệ Sinh Học','https://tuyensinh.ou.edu.vn/thong-tin-nganh-khoa-1581036727','https://www.youtube.com/embed/RazMgFxOWDY','https://res.cloudinary.com/de3yhowd4/image/upload/v1693805105/c3ubmruq1mmomwxu00jj.png'),(123,'Khoa Tài Chính Ngân Hàng','Khoa Tài Chính Ngân Hàng','https://tuyensinh.ou.edu.vn/diem-trung-tuyen-2017-2019-1581928239','https://www.youtube.com/embed/RazMgFxOWDY','https://res.cloudinary.com/de3yhowd4/image/upload/v1694326177/g3csv6va8uy5a0ew6u2i.png'),(128,'KHOA TEST 1','KHOA TEST 1','https://www.youtube.com/embed/RazMgFxOWDY','https://www.youtube.com/embed/RazMgFxOWDY','https://res.cloudinary.com/de3yhowd4/image/upload/v1694326208/tok0owjip89txrgjgvso.png');
/*!40000 ALTER TABLE `faculty` ENABLE KEYS */;
UNLOCK TABLES;

--
-- Table structure for table `livestream`
--

DROP TABLE IF EXISTS `livestream`;
/*!40101 SET @saved_cs_client     = @@character_set_client */;
/*!50503 SET character_set_client = utf8mb4 */;
CREATE TABLE `livestream` (
  `id` int NOT NULL AUTO_INCREMENT,
  `title` text,
  `date` datetime DEFAULT NULL,
  `time` double DEFAULT NULL,
  `thumbnail` varchar(255) DEFAULT NULL,
  `faculty_id` int DEFAULT NULL,
  PRIMARY KEY (`id`),
  KEY `fk_livestream_faculty1_idx` (`faculty_id`),
  CONSTRAINT `fk_livestream_faculty1` FOREIGN KEY (`faculty_id`) REFERENCES `faculty` (`id`)
) ENGINE=InnoDB AUTO_INCREMENT=57 DEFAULT CHARSET=utf8mb4 COLLATE=utf8mb4_0900_ai_ci;
/*!40101 SET character_set_client = @saved_cs_client */;

--
-- Dumping data for table `livestream`
--

LOCK TABLES `livestream` WRITE;
/*!40000 ALTER TABLE `livestream` DISABLE KEYS */;
INSERT INTO `livestream` VALUES (6,'Livestream: Tư vấn tuyển sinh 3','2023-10-24 10:00:00',0,'https://res.cloudinary.com/de3yhowd4/image/upload/v1694327545/buwwcnia7yn162wmraaj.png',2);
/*!40000 ALTER TABLE `livestream` ENABLE KEYS */;
UNLOCK TABLES;

--
-- Table structure for table `major`
--

DROP TABLE IF EXISTS `major`;
/*!40101 SET @saved_cs_client     = @@character_set_client */;
/*!50503 SET character_set_client = utf8mb4 */;
CREATE TABLE `major` (
  `id` int NOT NULL AUTO_INCREMENT,
  `name` varchar(45) DEFAULT NULL,
  `faculty_id` int DEFAULT NULL,
  PRIMARY KEY (`id`),
  KEY `fk_major_faculty1_idx` (`faculty_id`),
  CONSTRAINT `fk_major_faculty1` FOREIGN KEY (`faculty_id`) REFERENCES `faculty` (`id`)
) ENGINE=InnoDB AUTO_INCREMENT=63 DEFAULT CHARSET=utf8mb4 COLLATE=utf8mb4_0900_ai_ci;
/*!40101 SET character_set_client = @saved_cs_client */;

--
-- Dumping data for table `major`
--

LOCK TABLES `major` WRITE;
/*!40000 ALTER TABLE `major` DISABLE KEYS */;
INSERT INTO `major` VALUES (35,'Ngôn ngữ Anh',2),(36,'Ngôn ngữ Anh Chất lượng cao',2),(37,'Ngôn ngữ Trung Quốc',2),(38,'Ngôn ngữ Trung Quốc Chất lượng cao',2),(39,'Ngôn ngữ Nhật',2),(40,'Kinh tế',121),(41,'Kinh tế Chất lượng cao',121),(42,'Quản trị kinh doanh',121),(43,'Quản trị kinh doanh Chất lượng cao',121),(44,'Quản lý công',121),(45,'Tài chính - Ngân hàng',123),(46,'Tài chính - Ngân hàng Chất lượng cao',123),(47,'Kế toán',120),(48,'Kế toán Chất lượng cao',120),(49,'Kiểm toán',120),(50,'Luật',113),(51,'Luật kinh tế',113),(52,'Khoa học máy tính',3),(53,'Khoa học máy tính Chất lượng cao',3),(54,'Công nghệ thông tin',3),(61,'Ngôn Ngữ Latinh',2);
/*!40000 ALTER TABLE `major` ENABLE KEYS */;
UNLOCK TABLES;

--
-- Table structure for table `question`
--

DROP TABLE IF EXISTS `question`;
/*!40101 SET @saved_cs_client     = @@character_set_client */;
/*!50503 SET character_set_client = utf8mb4 */;
CREATE TABLE `question` (
  `id` int NOT NULL AUTO_INCREMENT,
  `content` text,
  `date_submitted` varchar(45) DEFAULT NULL,
  `livestream_id` int DEFAULT NULL,
  `user_id` int DEFAULT NULL,
  PRIMARY KEY (`id`),
  KEY `fk_question_livestream1_idx` (`livestream_id`),
  KEY `fk_question_user1_idx` (`user_id`),
  CONSTRAINT `fk_question_livestream1` FOREIGN KEY (`livestream_id`) REFERENCES `livestream` (`id`),
  CONSTRAINT `fk_question_user1` FOREIGN KEY (`user_id`) REFERENCES `user` (`id`)
) ENGINE=InnoDB AUTO_INCREMENT=46 DEFAULT CHARSET=utf8mb4 COLLATE=utf8mb4_0900_ai_ci;
/*!40101 SET character_set_client = @saved_cs_client */;

--
-- Dumping data for table `question`
--

LOCK TABLES `question` WRITE;
/*!40000 ALTER TABLE `question` DISABLE KEYS */;
INSERT INTO `question` VALUES (29,'Năm nay em muốn thi vào trường, thi một trường nhưng em vừa thi khối A vừa thi khối D1 được không ạ?','2023-09-10 12:30:24.119',6,26),(30,'Năm 2015 trường có tuyển sinh cao đẵng không?','2023-09-10 12:31:05.191',6,26),(31,'Địa chỉ KTX của trường ở Đồng Nai là gì vậy? có thể lên thăm những sinh viên đang học được không. Tên Kí Túc xá của trường là gì?','2023-09-10 12:31:14.465',6,26),(32,'Em xin chào ban tư vấn! Xin cho em hỏi em đang học hệ GDTX nếu muốn dùng kết quả THPT Quốc gia để xét vào ĐH-CĐ thì có bị xem là TS tự do không ạ? hay là khi đăng kí em vẫn điền là học sinh của TTGDTXQ11 ? cảm ơn ban tư vấn ạ!','2023-09-10 12:31:27.653',6,26),(33,'Xin chào ban tư vấn! Cho em hỏi là nếu có chứng chỉ  miễn thi ngoại ngữ theo điều kiện của Bộ Giáo dục thì khi muốn thi vào trường ĐH Mở ngành có môn ngoại ngữ như khối D, A1 thì bắt buộc vẫn phải thi ngoại ngữ phải không ạ? Một câu hỏi nữa là trường ĐH mở năm nay xét tuyển ĐH chỉ dựa vào kết quả kỳ thi Tốt nghiệp THPT Quốc gia thôi ạ? Không có xét tuyển dựa trên học bạ như một số trường khác ạ?','2023-09-10 12:31:35.697',6,26),(34,'Cho em hỏi trường mình: 1. Thời gian thi như thế nào và có bao nhiêu địa điểm thi? 2. Cách xét điểm như thế nào: như là điểm ưu tiên, thành tích học tập như học lực và hạnh kiểm ra sao... cách xét tuyển yêu cầu riêng của trường trong vấn đề tuyển sinh là gì? và cách xét tuyển cho thí sinh thi lại năm nay như thế nào? 3. Các ngành nghề xét tuyển NV2 của trường là những ngành nào và xét tuyển ra sao?','2023-09-10 12:31:43.997',6,26),(35,'Chào BGH trường. Em là sinh viên năm cuối của trường, thuộc ngành Kinh tế. Chỉ còn vài tháng nữa là em được tốt nghiệp. Nhưng em lại muốn theo học tiếp thêm một ngành khác của trường mình, cụ thể là ngành Ngôn ngữ Trung, vậy thì các thầy cô cho em hỏi như vậy thì có được hay không ? Nếu có thể, em phải dự thi như thế nào để được học ? Với lại, em xem xét trong chương trình đào tạo của ngành đó thì thấy có rất nhiều môn đại cương em đã theo học và được kết quả đạt của trường rồi, vậy thì nếu em đậu vào ngành thì em có cần phải theo học lại tất cả các môn đó không? Mong các thầy cô hồi âm qua địa chỉ mail cho em. Em xin chân thành cảm ơn và chúc thầy cô năm mới vui vẻ, nhiều hạnh phúc !','2023-09-10 12:31:53.711',6,26),(36,'Cho em hỏi ngành Công tác xã hội mai kia ra có việc làm không ạ?','2023-09-10 12:32:06.025',6,26),(37,'Cho em hỏi ngành Công tác xã hội mai kia ra có việc làm không ạ?','2023-09-10 12:32:12.77',6,26),(38,'Cho em hỏi ngành Công tác xã hội mai kia ra có việc làm không ạ?','2023-09-10 12:32:14.005',6,26),(39,'Cho em hỏi ngành Công tác xã hội mai kia ra có việc làm không ạ?','2023-09-10 12:32:15.195',6,26),(40,'Cho em hỏi ngành Công tác xã hội mai kia ra có việc làm không ạ?','2023-09-10 12:32:16.31',6,26),(41,'Cho em hỏi ngành Công tác xã hội mai kia ra có việc làm không ạ?','2023-09-10 12:32:17.484',6,26),(42,'Cho em hỏi ngành Công tác xã hội mai kia ra có việc làm không ạ?','2023-09-10 12:32:18.64',6,26),(43,'Cho em hỏi ngành Công tác xã hội mai kia ra có việc làm không ạ?','2023-09-10 12:32:20.802',6,26),(44,'Cho em hỏi ngành Công tác xã hội mai kia ra có việc làm không ạ?','2023-09-10 12:32:21.865',6,26),(45,'Em muốn hỏi về vấn đề ....','2023-09-10 13:15:21.556',6,26);
/*!40000 ALTER TABLE `question` ENABLE KEYS */;
UNLOCK TABLES;

--
-- Table structure for table `score`
--

DROP TABLE IF EXISTS `score`;
/*!40101 SET @saved_cs_client     = @@character_set_client */;
/*!50503 SET character_set_client = utf8mb4 */;
CREATE TABLE `score` (
  `id` int NOT NULL AUTO_INCREMENT,
  `year` int DEFAULT NULL,
  `score` double DEFAULT NULL,
  `category_id` int DEFAULT NULL,
  `major_id` int DEFAULT NULL,
  PRIMARY KEY (`id`),
  KEY `fk_score_category1_idx` (`category_id`),
  KEY `fk_score_major1_idx` (`major_id`),
  CONSTRAINT `fk_score_category1` FOREIGN KEY (`category_id`) REFERENCES `category` (`id`),
  CONSTRAINT `fk_score_major1` FOREIGN KEY (`major_id`) REFERENCES `major` (`id`)
) ENGINE=InnoDB AUTO_INCREMENT=114 DEFAULT CHARSET=utf8mb4 COLLATE=utf8mb4_0900_ai_ci;
/*!40101 SET character_set_client = @saved_cs_client */;

--
-- Dumping data for table `score`
--

LOCK TABLES `score` WRITE;
/*!40000 ALTER TABLE `score` DISABLE KEYS */;
INSERT INTO `score` VALUES (70,2022,24.9,13,35),(71,2021,26.8,13,35),(72,2020,24.75,13,35),(73,2019,22.85,13,35),(74,2018,20.4,13,35),(75,2022,22.4,13,36),(76,2021,22.4,13,36),(77,2020,25.9,13,36),(78,2019,23.25,13,36),(79,2018,23.25,13,36),(80,2022,24.1,13,37),(81,2021,26.1,13,37),(82,2020,26.1,13,37),(84,2019,26.1,13,37),(85,2018,26.1,13,37),(86,2022,27.1,14,35),(88,2021,27.1,14,35),(89,2020,24.75,14,35),(90,2019,22.85,14,35),(91,2018,20.4,14,35),(92,2022,22.4,14,36),(93,2021,22.4,14,36),(94,2020,25.9,14,36),(95,2019,23.25,14,36),(96,2018,23.25,14,36),(97,2022,24.1,14,37),(98,2021,26.1,14,37),(99,2020,26.1,14,37),(100,2019,26.1,14,37),(101,2018,26.1,14,37),(102,2022,21,13,38),(103,2021,18,13,38),(104,2020,23.5,13,38),(105,2019,22.4,13,38),(106,2018,21.3,13,38),(110,2022,14,14,38),(111,2021,24.68,14,38),(113,2020,16.9,14,38);
/*!40000 ALTER TABLE `score` ENABLE KEYS */;
UNLOCK TABLES;

--
-- Table structure for table `user`
--

DROP TABLE IF EXISTS `user`;
/*!40101 SET @saved_cs_client     = @@character_set_client */;
/*!50503 SET character_set_client = utf8mb4 */;
CREATE TABLE `user` (
  `id` int NOT NULL AUTO_INCREMENT,
  `username` varchar(255) DEFAULT NULL,
  `password` varchar(255) DEFAULT NULL,
  `email` varchar(255) DEFAULT NULL,
  `avatar` varchar(255) DEFAULT NULL,
  `roleName` varchar(45) DEFAULT NULL,
  PRIMARY KEY (`id`),
  UNIQUE KEY `username_UNIQUE` (`username`),
  UNIQUE KEY `email_UNIQUE` (`email`)
) ENGINE=InnoDB AUTO_INCREMENT=69 DEFAULT CHARSET=utf8mb4 COLLATE=utf8mb4_0900_ai_ci;
/*!40101 SET character_set_client = @saved_cs_client */;

--
-- Dumping data for table `user`
--

LOCK TABLES `user` WRITE;
/*!40000 ALTER TABLE `user` DISABLE KEYS */;
INSERT INTO `user` VALUES (25,'quochung','$2a$10$rMvVjVmbo7CSeZPjc8fJfOcS6jA9fKbdTk.wyXucvWkPZYndPP7hW','zz@gmail.com','https://cdn-icons-png.flaticon.com/512/3415/3415792.png','ROLE_USER'),(26,'admin','$2a$10$Yje3GCtaG7TW67K8aYCBbu9enFRCI9McpsyiTBn9zH9v9hdTs2lja','zzzzz@gmail.com','https://cdn-icons-png.flaticon.com/512/3415/3415792.png','ROLE_ADMIN'),(27,'quochunguser','$2a$10$/Bmi..I8QEoeTfJSp80UQuegoRbhMYVb8YiCG8vBHzvFK/O9yoIMG','z@gmail.com','https://cdn-icons-png.flaticon.com/512/3415/3415792.png','ROLE_USER'),(28,'user2','$2a$10$8EtUe1iJaKwqUwrVONxc.ugBlruVsnz5jhRRN06Jy8MLfG883Fe3q','user2@gmail.com','https://res.cloudinary.com/de3yhowd4/raw/upload/v1692711467/nfb9rvfhzqsyhbj9innz','ROLE_USER'),(46,'user3','$2a$10$22ACRexxkgDKF/yxHbP4E.7K0gC5fNPjbyK47qHXa0tTt6IedX8Pa','zuroken140@gmail.com','https://res.cloudinary.com/de3yhowd4/image/upload/v1692714143/bji6myxryfksiwzyfogc.png','ROLE_USER'),(49,'user4','$2a$10$tb9R8KjdetB8WPyuIMYlFeNVGc9YM5ImsDdesL/hjyb3jGi8aKr1K','zuroken14000@gmail.com','https://res.cloudinary.com/de3yhowd4/image/upload/v1692714206/veo1oky1pac6liatczol.png','ROLE_USER'),(51,'user5','$2a$10$KdX806nMVWsq4.iy8XW08.IMB3Bs0j4G8D0.rZ4JOcDjopU0WHhZK','zuroken2002@gmail.com','https://res.cloudinary.com/de3yhowd4/image/upload/v1692715764/hcl2byln5qltm4ijeohl.jpg','ROLE_USER'),(52,'user6','$2a$10$Q4rSYSTZ7x0.1IP19FMIEOngzhLblYq91utLMuulAE8SjXyHOjLVW','zuroken20022@gmail.com','https://res.cloudinary.com/de3yhowd4/image/upload/v1692715800/n8txlnvdfprtfg7udgh7.jpg','ROLE_USER'),(53,'user7','$2a$10$Mts6tJ9Q5JB7P0aBK.ISx.2A00W/Ok8mQNJdVnR1/BrUOWviPfkpG','zuroken12240@gmail.com','https://res.cloudinary.com/de3yhowd4/image/upload/v1692715843/u05jdzcydwizalgcoayf.png','ROLE_USER'),(54,'user8','$2a$10$BB6aqUx3.U1kVrTSMLzykOuO.6LgT6/xIHUiA4ulVsZJZcd49/E7.','zuroken122240@gmail.com','https://res.cloudinary.com/de3yhowd4/image/upload/v1692715864/bxx6nim3ng67uyfdcgzn.png','ROLE_USER'),(63,'dangkhoa3','$2a$10$HyBaQNAzr9vVtP3A7YzbRujNPeOlBOWlcRqhE.Rb4i2YsInLSv3xe','zurok2en140@gmail.com','https://res.cloudinary.com/de3yhowd4/image/upload/v1694321996/f0qtqljimyclzbo56dgh.png','ROLE_USER'),(64,'dangkhoa6','$2a$10$/BaYLR4dKRl.gC5ht09EyOpqhRih7dubOb7L.eyZqwC6DoQTTbQJi','zuroken1340@gmail.com','https://res.cloudinary.com/de3yhowd4/image/upload/v1694322030/bxgpolc7g6mnlqkl1m51.png','ROLE_USER'),(65,'quochung2','$2a$10$6770b7ZmOoM4Szneer.q..T8j2hXkTmbVekcoJUGIjFex9W3yPtpO','zuroken1240@gmail.com','https://res.cloudinary.com/de3yhowd4/image/upload/v1694322137/zextqmouztlmxdycq8ud.png','ROLE_USER'),(67,'admin2','$2a$10$.YCmRU6/8XVx1U0nB0DBIOeiPsku56ZyR16YvIPqyuw0ykBiJl.8e','zurok3en140@gmail.com','https://res.cloudinary.com/de3yhowd4/image/upload/v1694322158/kq7lulpszi95l7dbpaef.png','ROLE_USER'),(68,'quochung1234','$2a$10$QgDNeUnCSN4gmADbsmKHgeclB9QYPzxxSNj.J/YZyI0Qc9q2TwqI6','quochung@gmail.com','https://res.cloudinary.com/de3yhowd4/image/upload/v1694326594/dtwdpsnxmigiaubkaf4p.png','ROLE_USER');
/*!40000 ALTER TABLE `user` ENABLE KEYS */;
UNLOCK TABLES;
/*!40103 SET TIME_ZONE=@OLD_TIME_ZONE */;

/*!40101 SET SQL_MODE=@OLD_SQL_MODE */;
/*!40014 SET FOREIGN_KEY_CHECKS=@OLD_FOREIGN_KEY_CHECKS */;
/*!40014 SET UNIQUE_CHECKS=@OLD_UNIQUE_CHECKS */;
/*!40101 SET CHARACTER_SET_CLIENT=@OLD_CHARACTER_SET_CLIENT */;
/*!40101 SET CHARACTER_SET_RESULTS=@OLD_CHARACTER_SET_RESULTS */;
/*!40101 SET COLLATION_CONNECTION=@OLD_COLLATION_CONNECTION */;
/*!40111 SET SQL_NOTES=@OLD_SQL_NOTES */;

-- Dump completed on 2023-09-10 13:58:24
